,Species,Mating_type,Fragment,aa_pos,alt_aa,Nham_aa,mutation_type,fitness_T1,lower_err_T1,upper_err_T1,fitness_T2,lower_err_T2,upper_err_T2
0,CN,alp,F1,2,G,1.0,missense,0.9944392315820408,0.14585085101540973,0.14585085101540962,-0.36074559459424643,0.08849084949032698,0.08849084949032698
1,CN,alp,F1,2,S,0.0,synonymous,0.32331468801402313,0.45828253462579294,0.4582825346257929,-0.05411992590951331,0.07352741315701444,0.07352741315701444
2,CN,alp,F1,2,V,1.0,missense,-0.597141321979413,0.6940078627105206,0.6940078627105205,-0.316227618316087,0.08502972094325945,0.08502972094325945
3,CN,alp,F1,3,*,1.0,nonsense,2.4548318909309197,0.3333411918547404,0.33334119185474087,1.6412200024716517,0.08407101650464721,0.08407101650464721
4,CN,alp,F1,3,F,1.0,missense,-0.026905171056523125,0.46484028940018235,0.4648402894001823,-0.7292298554447865,0.06008882517000225,0.06008882517000225
5,CN,alp,F1,3,I,1.0,missense,0.34157762602657993,0.11478163217123444,0.11478163217123444,-0.2661191525482508,0.14998533569276318,0.14998533569276318
6,CN,alp,F1,3,P,0.0,synonymous,0.15071480664910752,0.1829937084901624,0.1829937084901624,0.09088445552327223,0.0665756123243883,0.0665756123243883
7,CN,alp,F1,3,R,1.0,missense,-0.11719129387743343,0.18294013912626234,0.18294013912626234,-0.33298923026449734,0.3384532522942493,0.3384532522942493
8,CN,alp,F1,4,R,1.0,missense,-0.6301306097902359,0.14165880814525889,0.14165880814525894,-0.05411992590951331,0.07352741315701444,0.07352741315701444
9,CN,alp,F1,4,V,0.0,synonymous,0.09077412215127634,0.0012841808534592714,0.0012841808534592714,0.0042168009000284334,0.01693309112782155,0.01693309112782155
10,CN,alp,F1,4,W,1.0,missense,-0.1491145348897463,0.7764619488219358,0.7764619488219358,-0.7903345373613981,0.21050363671210914,0.21050363671210903
11,CN,alp,F1,5,E,0.0,synonymous,0.09077412215127634,0.0012841808534592714,0.0012841808534592714,0.09633750017080425,0.005876349356333091,0.005876349356333091
12,CN,alp,F1,5,Q,1.0,missense,0.26771658267991116,0.5445356654416135,0.5445356654416135,0.19668335773541581,0.08675154484455436,0.08675154484455436
13,CN,alp,F1,6,C,1.0,missense,-0.4552293431246664,0.288510068841311,0.2885100688413109,-0.6129099177570175,0.09054695649495947,0.09054695649495947
14,CN,alp,F1,6,F,1.0,missense,-0.5738639708815428,0.2673135844949166,0.26731358449491655,-0.5143479309062315,0.3329844750654384,0.33298447506543827
15,CN,alp,F1,6,G,0.0,synonymous,0.05115442990211805,0.5389969103108914,0.5389969103108914,-0.08368709747071879,0.09926736301990316,0.09926736301990316
16,CN,alp,F1,6,I,1.0,missense,-0.11391987094404754,0.07634463436404007,0.07634463436404006,-0.2792360075217848,0.0568099477828074,0.0568099477828074
17,CN,alp,F1,6,M,1.0,missense,0.3860801290559527,0.7291825038852515,0.7291825038852514,-0.6440939121811091,0.07157504279083449,0.07157504279083449
18,CN,alp,F1,6,R,1.0,missense,0.17707406283373403,0.1222111285470675,0.12221112854706748,-0.04675821477781719,0.08052103873212577,0.08052103873212577
19,CN,alp,F1,6,V,1.0,missense,0.2463721800413473,0.10060488428578865,0.10060488428578868,-0.6588628311458917,0.050479575718203606,0.050479575718203606
20,CN,alp,F1,7,C,1.0,missense,-0.7996485860683956,0.05281820006740645,0.05281820006740645,-0.5869992266387374,0.020178593921274524,0.020178593921274413
21,CN,alp,F1,7,F,1.0,missense,-0.048685504694493925,0.44805371317647,0.44805371317647,-0.5419997096736273,0.03311455054321266,0.03311455054321277
22,CN,alp,F1,7,G,1.0,missense,-0.9151131750763549,0.3789573144186579,0.3789573144186579,-0.712468243496376,0.030259150509672983,0.030259150509672983
23,CN,alp,F1,7,L,1.0,missense,-0.8728440233753569,0.12235386550901972,0.12235386550901972,-0.2792360075217848,0.03469646423983058,0.03469646423983061
24,CN,alp,F1,7,N,1.0,missense,0.10021693153567227,0.32705404165645807,0.327054041656458,-0.22918716710747933,0.12260005047596972,0.12260005047596971
25,CN,alp,F1,7,S,0.0,synonymous,-0.5041765258635291,0.4391530573968424,0.4391530573968424,-0.20380756051577587,0.014847076872901072,0.014847076872901072
26,CN,alp,F1,7,V,1.0,missense,-0.42762334570125377,0.16181992132205597,0.16181992132205592,-0.3559870894900564,0.18001295522268856,0.18001295522268856
27,CN,alp,F1,7,Y,1.0,missense,-1.0062896310085296,0.8440110945368191,0.8440110945368193,-0.6384400616989492,0.048274962431520074,0.04827496243151996
28,CN,alp,F1,8,E,1.0,missense,0.26912822346519655,0.6012660879698162,0.6012660879698162,-0.10449050928179698,0.2979350349005232,0.2979350349005232
29,CN,alp,F1,8,G,1.0,missense,-0.4458892112486847,0.4361690510828162,0.4361690510828162,-0.5234808636799468,0.1166217734253252,0.11662177342532504
30,CN,alp,F1,8,P,0.0,synonymous,0.15071480664910752,0.1829937084901624,0.1829937084901624,-0.08368709747071879,0.09926736301990316,0.09926736301990316
31,CN,alp,F1,8,R,1.0,missense,0.927074062833734,0.8347111285470674,0.8347111285470674,0.7244824104024719,0.4146575551891489,0.4146575551891487
32,CN,alp,F1,8,V,1.0,missense,0.5733146880140232,0.7292174653742073,0.7292174653742072,0.22448241040247177,0.2978424448108512,0.2978424448108512
33,CN,alp,F1,9,*,1.0,nonsense,2.358509351959722,0.13213142328316385,0.13213142328316385,1.7205905499356942,0.030782479956783515,0.030782479956783515
34,CN,alp,F1,9,A,0.0,synonymous,0.7370147473315655,1.0902127747747339,1.0902127747747339,0.22133750017080422,0.36212634935633303,0.36212634935633303
35,CN,alp,F1,9,D,1.0,missense,2.5065155741465492,0.2425021336878599,0.2425021336878599,1.128025121360926,0.13064122971514713,0.13064122971514713
36,CN,alp,F1,9,E,1.0,missense,1.705619675212563,0.4048292276625345,0.40482922766253426,1.0989558789916074,0.16354375048364056,0.16354375048364056
37,CN,alp,F1,9,F,1.0,missense,0.34371812940243607,0.23324354685065002,0.23324354685065007,-0.43791859189593807,0.16180519692693418,0.16180519692693418
38,CN,alp,F1,9,G,1.0,missense,0.2003514139316045,0.4221817999325937,0.42218179993259364,-0.9174812503605781,0.020178593921274524,0.020178593921274524
39,CN,alp,F1,9,I,1.0,missense,-0.11719129387743343,0.18294013912626234,0.18294013912626234,-0.7043459370570578,0.0143356191586832,0.0143356191586832
40,CN,alp,F1,9,L,1.0,missense,-0.4986134068733392,0.01671746537420704,0.01671746537420704,-0.10971803124362534,0.12634561322442087,0.12634561322442087
41,CN,alp,F1,9,M,1.0,missense,-0.9017017723035007,1.389380579442756,1.389380579442756,-0.8917442376805468,0.030641504817082055,0.030641504817082055
42,CN,alp,F1,9,N,1.0,missense,1.9907775375909407,0.5770500153702709,0.5770500153702707,0.23462450574314753,0.5334075551891488,0.5334075551891487
43,CN,alp,F1,9,R,1.0,missense,2.207491521042507,0.20746384968224607,0.20746384968224607,1.3892103724718,0.08313666260881303,0.08313666260881325
44,CN,alp,F1,9,S,1.0,missense,0.07738813984918574,0.5304840040121916,0.5304840040121916,-0.4847364320272861,0.05770107981232031,0.057701079812320366
45,CN,alp,F1,9,V,1.0,missense,-0.9148032194653305,0.17244335353057394,0.17244335353057405,-0.8157586014584485,0.02211348354297693,0.02211348354297693
46,CN,alp,F1,9,W,1.0,missense,1.1603496752915938,0.4110030896891086,0.4110030896891086,0.39671832196551365,0.041761458295917986,0.041761458295917986
47,CN,alp,F1,10,G,1.0,missense,-0.48388998460994714,0.3527888714529325,0.3527888714529325,-0.10599961331936877,0.2978424448108511,0.2978424448108511
48,CN,alp,F1,10,K,0.0,synonymous,0.09077412215127634,0.0012841808534592714,0.0012841808534592714,0.09633750017080425,0.005876349356333091,0.005876349356333091
49,CN,alp,F1,11,A,1.0,missense,0.12715597662464295,0.12235386550901978,0.12235386550901978,0.07452336729792625,0.3013749418388949,0.30137494183889485
50,CN,alp,F1,11,P,0.0,synonymous,0.10701968480469493,0.14148334273797042,0.1414833427379704,0.17260272299261625,0.01105674177148852,0.01105674177148852
51,CN,alp,F1,12,*,1.0,nonsense,2.6030283923210327,0.4372622465521738,0.4372622465521734,1.7207639924782152,0.05680994778280768,0.05680994778280768
52,CN,alp,F1,12,E,0.0,synonymous,-0.2397079015705642,0.16232625831771064,0.16232625831771064,-0.06890351169011605,0.08639738808845882,0.0863973880884588
53,CN,alp,F1,12,F,1.0,missense,-0.43778384182559016,0.3965897070980714,0.39658970709807134,-0.4463078663782551,0.11347819832618372,0.11347819832618372
54,CN,alp,F1,12,L,1.0,missense,-0.32292593716626583,0.1556460592954816,0.15564605929548161,0.09948241040247177,0.08052103873212577,0.08052103873212577
55,CN,alp,F1,12,N,1.0,missense,-0.4171683017775971,0.026946286823529897,0.026946286823529897,-0.3957590844933383,0.03311455054321277,0.03311455054321272
56,CN,alp,F1,12,T,1.0,missense,-0.5803627730147791,0.36677612260315495,0.36677612260315495,-0.23107473803618583,0.01105674177148841,0.01105674177148841
57,CN,alp,F1,12,W,1.0,missense,-0.8436356802626961,0.7361397224683424,0.7361397224683423,-0.5571130863260323,0.01105674177148852,0.01105674177148852
58,CN,alp,F1,12,Y,1.0,missense,0.45845678335469875,0.5270403562096018,0.5270403562096018,0.04205345807280966,0.21153646598105327,0.21153646598105327
59,CN,alp,F1,13,D,0.0,synonymous,0.48701474733156536,0.5748555869321849,0.5748555869321847,0.29445781276094873,0.2926620523956958,0.29266205239569576
60,CN,alp,F1,13,G,1.0,missense,0.9037967117358636,0.05974045716154153,0.05974045716154164,-0.3519469286078216,0.06419249528682092,0.06419249528682092
61,CN,alp,F1,14,F,1.0,missense,0.2881200240683241,0.24183477983210278,0.24183477983210283,-0.6754766327020738,0.04176145829591804,0.04176145829591804
62,CN,alp,F1,14,L,1.0,missense,0.03334685381942579,0.04052195825794437,0.04052195825794437,-0.0657586014584485,0.13892859392127455,0.13892859392127455
63,CN,alp,F1,14,Y,0.0,synonymous,0.5907741221512763,0.47628418085345925,0.47628418085345947,0.3463375001708042,0.24337634935633307,0.243376349356333
64,CN,alp,F1,15,P,0.0,synonymous,0.03083343765344515,0.18042534678324382,0.18042534678324382,0.19464383034298327,0.1651470184031138,0.1651470184031138
65,CN,alp,F1,16,H,0.0,synonymous,-0.05546650302901268,0.3373555869321846,0.3373555869321846,0.023217187580659743,0.17391205239569582,0.1739120523956958
66,CN,alp,F1,17,F,0.0,synonymous,0.15071480664910752,0.1829937084901624,0.1829937084901624,-0.08368709747071879,0.09926736301990316,0.09926736301990316
67,CN,alp,F1,18,M,0.0,synonymous,0.15071480664910752,0.1829937084901624,0.1829937084901624,-0.08368709747071879,0.09926736301990316,0.09926736301990316
68,CN,alp,F1,19,*,1.0,nonsense,2.247313141291498,0.1696333104457044,0.1696333104457044,1.530842574811643,0.22644325822851163,0.22644325822851163
69,CN,alp,F1,19,A,1.0,missense,-0.8340244670058792,0.5866675251994351,0.5866675251994349,-0.4060668545173349,0.05313575351533251,0.05313575351533251
70,CN,alp,F1,19,S,0.0,synonymous,-0.21907421213219253,0.0959289245583852,0.09592892455838517,-0.021858747054040784,0.0417048616841873,0.0417048616841873
71,CN,alp,F1,20,F,1.0,missense,-0.04154321664530114,0.11166752519943485,0.11166752519943485,0.04205345807280961,0.2413500504759698,0.24135005047596977
72,CN,alp,F1,20,H,1.0,missense,-0.1822772652430904,0.621971163739517,0.6219711637395169,-0.028313566226085052,0.12546929399350612,0.12546929399350612
73,CN,alp,F1,20,V,0.0,synonymous,0.19453349697098726,0.09985558693218466,0.09985558693218466,0.23550296407765525,0.027759435276449917,0.027759435276449917
74,CN,alp,F1,20,Y,1.0,missense,-0.10524669140250748,0.006922257094135215,0.006922257094135215,-0.23979827930579353,0.050048822502045315,0.05004882250204534
75,CN,alp,F1,21,A,0.0,synonymous,0.32765726717774235,0.14560879294350382,0.14560879294350382,-0.1814615524962518,0.0780386554013553,0.07803865540135528
76,CN,alp,F1,21,S,1.0,missense,-0.1534079608881066,0.038830948917183944,0.03883094891718396,0.1440003866806312,0.06034244481085117,0.06034244481085116
77,CN,alp,F1,22,G,1.0,missense,0.4730948289434769,0.6340085992571882,0.6340085992571882,-0.1578793007292243,0.17209881923573989,0.17209881923573989
78,CN,alp,F1,22,H,0.0,synonymous,0.3027733487900137,0.3530309295248384,0.3530309295248384,0.0042168009000284334,0.01693309112782155,0.01693309112782155
79,CN,alp,F1,23,E,0.0,synonymous,0.12766341925474067,0.38638767033069843,0.38638767033069843,-0.4064584764577526,0.07967809409495269,0.07967809409495269
80,CN,alp,F1,23,G,1.0,missense,-0.7201045960618317,0.5771927523322229,0.5771927523322228,-0.44630786637825515,0.1461352852167932,0.14613528521679325
81,CN,alp,F1,23,K,1.0,missense,0.2677165826799111,1.1583215224009358,1.1583215224009358,-0.0014369548547286948,0.2000341581948083,0.2000341581948083
82,CN,alp,F1,24,*,1.0,nonsense,2.9325264475807744,0.3494263314912258,0.3494263314912258,1.9421033509929346,0.23003114517118606,0.23003114517118606
83,CN,alp,F1,24,C,1.0,missense,0.3011176283347964,0.07634463436403985,0.07634463436403982,-0.588495806846997,0.040870326266404966,0.040870326266404966
84,CN,alp,F1,24,Q,0.0,synonymous,-0.12784315732775886,0.6839705963585428,0.6839705963585427,-0.21109145215885788,0.15900526014823763,0.1590052601482376
85,CN,alp,F1,24,R,1.0,missense,0.4204560099934362,0.29379680935895164,0.29379680935895164,0.09212069927077571,0.011056741771488451,0.011056741771488451
86,CN,alp,F1,24,W,1.0,missense,-0.47515288317959287,1.1196333104457041,1.119633310445704,-0.5571130863260323,0.01105674177148852,0.01105674177148852
87,CN,alp,F1,25,A,0.0,synonymous,0.41820743680955685,0.06535521097777214,0.0653552109777722,-0.12958186508639624,0.08157115242939905,0.08157115242939905
88,CN,alp,F1,25,C,1.0,missense,0.7833468538194257,0.4414002988361909,0.4414002988361909,-0.11862181928497137,0.3367521403337105,0.3367521403337105
89,CN,alp,F1,25,D,1.0,missense,2.569329302046768,0.10814021482233338,0.10814021482233338,1.5829049829776083,0.13389656840431075,0.13389656840431097
90,CN,alp,F1,25,E,1.0,missense,2.650171819312085,0.2619175663261468,0.2619175663261468,1.555144680896051,0.005743108810416286,0.005743108810416064
91,CN,alp,F1,25,F,1.0,missense,2.6227995324170004,0.8957089818801185,0.895708981880118,1.8034303682374222,0.37436924367941926,0.37436924367941926
92,CN,alp,F1,25,G,1.0,missense,0.5496350237007382,0.24327821572341335,0.24327821572341335,-0.29955419140637407,0.08317721652925464,0.08317721652925464
93,CN,alp,F1,25,L,1.0,missense,3.1053408944509444,0.46248023101049407,0.46248023101049407,1.6341616335142732,0.16915179842713002,0.1691517984271298
94,CN,alp,F1,25,M,1.0,missense,0.12715597662464295,0.12235386550901978,0.12235386550901978,-0.7559586564239144,0.012582980696853707,0.012582980696853707
95,CN,alp,F1,25,V,1.0,missense,2.3832430209138167,0.09857140607872594,0.09857140607872594,1.3948036703255604,0.17022057369989185,0.17022057369989185
96,CN,alp,F1,25,W,1.0,missense,2.7892289366932332,0.060604427419982176,0.060604427419982176,1.3688495002499037,0.12459297476259157,0.12459297476259135
97,CN,alp,F1,26,C,1.0,missense,-0.8026417464849146,0.35971112854706766,0.35971112854706766,-0.338495806846997,0.01105674177148852,0.01105674177148852
98,CN,alp,F1,26,E,1.0,missense,-0.8628937713608631,0.8109066356633303,0.8109066356633301,-0.3686218192849714,0.21993702995541287,0.21993702995541276
99,CN,alp,F1,26,L,0.0,synonymous,0.48396603826800544,0.002884539592246105,0.0028845395922460493,-0.12958186508639624,0.08157115242939905,0.08157115242939905
100,CN,alp,F1,26,V,1.0,missense,-0.2858631975202804,0.343771507030665,0.343771507030665,-0.5644151721041976,0.15074845515544566,0.1507484551554456
101,CN,alp,F1,27,F,1.0,missense,-0.1017952415212498,0.054428101567283615,0.054428101567283615,-0.23807255436516475,0.07380174473861958,0.07380174473861958
102,CN,alp,F1,27,K,0.0,synonymous,0.19453349697098726,0.09985558693218466,0.09985558693218466,0.14821718758065974,0.05516205239569581,0.0551620523956958
103,CN,alp,F1,28,C,1.0,missense,1.7674460705842614,0.5564078477016365,0.5564078477016363,0.36837846564825133,0.0712446818045997,0.0712446818045997
104,CN,alp,F1,28,F,1.0,missense,2.548524169385588,0.08682731850585634,0.08682731850585679,1.5648519354294224,0.09355333461019888,0.0935533346101991
105,CN,alp,F1,28,H,1.0,missense,2.7447997251255174,0.39058061548689205,0.39058061548689205,1.674842961492274,0.19591439791257703,0.19591439791257703
106,CN,alp,F1,28,S,0.0,synonymous,-0.16593628090338397,0.03269812408716266,0.03269812408716266,-0.1859236786846682,0.07379963552235969,0.0737996355223597
107,CN,alp,F1,28,V,1.0,missense,2.4233561053184256,0.04115903325810777,0.04115903325810777,1.6082810763888964,0.08529188447655467,0.08529188447655489
108,CN,alp,F1,29,C,1.0,missense,-0.7858631975202803,0.2630571313455665,0.26305713134556674,-0.58010653236468,0.07954485354903573,0.07954485354903573
109,CN,alp,F1,29,F,1.0,missense,-0.4146799332702411,0.7178123555942579,0.7178123555942578,-0.6935545780870054,0.022834771718403535,0.022834771718403646
110,CN,alp,F1,29,I,1.0,missense,-0.9226118601508142,0.4195159959878083,0.4195159959878083,-0.4847364320272861,0.05770107981232031,0.057701079812320366
111,CN,alp,F1,29,K,1.0,missense,-0.9091232003403096,0.45569655954189336,0.45569655954189325,-0.5167365337746945,0.08181402627407575,0.08181402627407564
112,CN,alp,F1,29,L,0.0,synonymous,-0.29665777622410716,0.24201024523939152,0.24201024523939157,-0.35971803124362534,0.1111543867755791,0.11115438677557912
113,CN,alp,F1,29,M,1.0,missense,-0.8100785823334276,1.1319810344988526,1.1319810344988526,-0.644093912181109,0.09368852633381142,0.09368852633381142
114,CN,alp,F1,29,V,1.0,missense,-0.07292593716626589,0.5568539407045185,0.5568539407045184,0.026362097812327262,0.087514664307237,0.08751466430723699
115,CN,alp,F1,30,*,1.0,nonsense,2.9345108986822472,0.1223538655090195,0.1223538655090195,1.8028817276667488,0.0017705345953651364,0.0017705345953653584
116,CN,alp,F1,30,E,1.0,missense,0.0806012744289023,0.2277047917199281,0.22770479171992808,-0.7792360075217848,0.03469646423983064,0.03469646423983064
117,CN,alp,F1,30,F,1.0,missense,0.4786867822005905,0.31067904514855377,0.31067904514855377,0.011927445634835249,0.24015617779712897,0.24015617779712897
118,CN,alp,F1,30,N,1.0,missense,-0.48087177653480323,0.5609089001272671,0.560908900127267,-0.5526108218719414,0.1097207379398859,0.10972073793988585
119,CN,alp,F1,30,S,0.0,synonymous,0.2601997482150733,0.037472648250302915,0.03747264825030294,0.0373826514875108,0.07704513831581264,0.07704513831581264
120,CN,alp,F1,31,E,0.0,synonymous,0.5907741221512763,0.47628418085345925,0.47628418085345947,0.3463375001708042,0.24337634935633307,0.243376349356333
121,CN,alp,F1,32,G,0.0,synonymous,-0.2133941930071717,0.4848185307045171,0.4848185307045171,-0.1295818650863963,0.028752952361992573,0.028752952361992573
122,CN,alp,F1,32,L,1.0,missense,0.35469740853498777,0.5215310498691236,0.5215310498691236,-0.13379866598642481,0.14922221623008036,0.14922221623008036
123,CN,alp,F1,32,V,1.0,missense,1.1390732894724716,0.31668813675973306,0.3166881367597332,0.5453624844929585,0.029107109118088115,0.029107109118088115
124,CN,alp,F1,33,G,0.0,synonymous,-0.382912169285331,0.026282203988682196,0.026282203988682196,-0.2868430439418688,0.022073761471980924,0.022073761471980924
125,CN,alp,F1,34,*,1.0,nonsense,2.6547971943752375,0.1768090843310528,0.1768090843310528,1.5802220129859976,0.014801479287838815,0.014801479287838593
126,CN,alp,F1,34,E,1.0,missense,2.653796711735864,0.33067538790995554,0.33067538790995554,1.6558837993815128,0.07358405724286876,0.07358405724286898
127,CN,alp,F1,34,F,1.0,missense,1.8030846891681311,0.5323527118038596,0.5323527118038598,1.5587283487499595,0.1374811016015849,0.13748110160158467
128,CN,alp,F1,34,G,1.0,missense,2.4766198782046907,0.21720907432981074,0.21720907432981074,1.655328061252614,0.015006658199633538,0.015006658199633538
129,CN,alp,F1,34,I,0.0,synonymous,0.16235064057034176,0.3388016203027099,0.3388016203027099,-0.33245085372321537,0.1370582054199686,0.13705820541996858
130,CN,alp,F1,34,L,1.0,missense,-0.211879975931676,0.7168347798321029,0.7168347798321029,-0.2792360075217848,0.0568099477828074,0.0568099477828074
131,CN,alp,F1,34,P,1.0,missense,2.507556086555575,0.3166881367597334,0.3166881367597334,1.4623747179958984,0.24058693101328732,0.2405869310132871
132,CN,alp,F1,34,V,1.0,missense,0.1704560099934363,0.46598263557773256,0.4659826355777325,-0.06947701938270509,0.027172219496385833,0.027172219496385826
133,CN,alp,F1,34,W,1.0,missense,2.358509351959722,0.24183477983210278,0.24183477983210278,1.5503432028119613,0.18580417808523242,0.18580417808523242
134,CN,alp,F1,35,M,1.0,missense,1.8173283671809852,0.14165880814525922,0.14165880814525922,1.4620908129366754,0.05141392961403768,0.05141392961403768
135,CN,alp,F1,35,P,0.0,synonymous,-0.2614631122784081,0.2085753144909775,0.2085753144909775,-0.08368709747071879,0.09926736301990316,0.09926736301990316
136,CN,alp,F1,36,F,1.0,missense,2.7042820387782154,0.2532986463767011,0.25329864637670063,1.5167161152470197,0.04511754384838196,0.04511754384838218
137,CN,alp,F1,36,I,0.0,synonymous,0.28830472449704914,0.3137041304457069,0.3137041304457069,-0.0541199259095132,0.05141392961403754,0.05141392961403754
138,CN,alp,F1,36,K,1.0,missense,2.7269313117718332,0.43859025575132105,0.4385902557513206,1.643530025226346,0.07380174473861967,0.07380174473861967
139,CN,alp,F1,37,*,1.0,nonsense,2.478242319307417,0.1615233916002068,0.1615233916002068,1.4041025776316722,0.08392677736456244,0.08392677736456244
140,CN,alp,F1,37,G,0.0,synonymous,0.5907741221512763,0.47628418085345925,0.47628418085345947,0.29445781276094873,0.2926620523956958,0.29266205239569576
141,CN,alp,F1,38,*,1.0,nonsense,2.527288725260285,0.07993437617362886,0.0799343761736293,1.5758469422153045,0.14214425960112176,0.14214425960112176
142,CN,alp,F1,38,A,0.0,synonymous,-0.0934672763902753,0.023397664396436188,0.023397664396436188,0.09150257739702394,0.06598839654432419,0.06598839654432417
143,CN,alp,F1,38,F,1.0,missense,2.4480161522568835,0.3946678218695454,0.3946678218695454,1.6267853502941596,0.033826754450713814,0.033826754450713814
144,CN,alp,F1,38,V,1.0,missense,-0.1600260137284043,0.027083370270931995,0.027083370270931995,-0.441227618316087,0.08849084949032698,0.08849084949032698
145,CN,alp,F1,38,W,1.0,missense,2.4887731270713314,0.15151912422448754,0.151519124224488,1.588047247435613,0.025043992921711,0.025043992921711
146,CN,alp,F1,39,*,1.0,nonsense,2.592031753333308,0.3105386397220955,0.31053863972209594,1.7063505258258478,0.11933787375485028,0.11933787375485005
147,CN,alp,F1,39,A,0.0,synonymous,0.18782309391632712,0.09091234232333886,0.09091234232333884,-0.22678281241934023,0.06358794760430414,0.06358794760430417
148,CN,alp,F1,39,C,1.0,missense,-1.5961152223962292,0.04903208339851384,0.04903208339851384,-0.5371122322125098,0.02181803261487192,0.02181803261487192
149,CN,alp,F1,39,F,1.0,missense,2.437726214200254,0.007642846365423228,0.007642846365423228,1.6396659077101663,0.06309145411877859,0.06309145411877859
150,CN,alp,F1,39,G,1.0,missense,1.9347211427920898,0.25438223578960195,0.2543822357896022,0.6966833577354157,0.3478912673128964,0.34789126731289644
151,CN,alp,F1,39,I,1.0,missense,-0.3376493594296579,0.4195159959878081,0.41951599598780803,-0.7743729168552417,0.10297473350993469,0.10297473350993469
152,CN,alp,F1,39,L,1.0,missense,0.323314688014023,0.49171746537420713,0.4917174653742071,-0.06575860145844853,0.16104207746425148,0.16104207746425148
153,CN,alp,F1,39,N,1.0,missense,1.765661455978669,0.19096895013087645,0.19096895013087645,0.5947364291275943,0.08655595986862474,0.08655595986862463
154,CN,alp,F1,39,R,1.0,missense,2.6249274073808797,0.1503337037012238,0.1503337037012238,1.809197365607598,0.23232806427835895,0.23232806427835917
155,CN,alp,F1,39,S,1.0,missense,-0.1534079608881065,0.15831186324026691,0.15831186324026691,-0.054119925909513256,0.011056741771488451,0.011056741771488458
156,CN,alp,F1,39,V,1.0,missense,-0.30363397203565085,0.0824670141469277,0.08246701414692773,-0.15423600752178476,0.1298067417714884,0.12980674177148843
157,CN,alp,F1,39,Y,1.0,missense,2.2269921490428253,0.01671746537420704,0.01671746537420704,1.6170222278220954,0.05228833198813909,0.05228833198813909
158,CN,alp,F1,40,F,1.0,missense,2.1823394667156917,0.1506439256076222,0.15064392560762174,0.5885495552461794,0.28552134279067104,0.285521342790671
159,CN,alp,F1,40,G,1.0,missense,2.0767661378952806,0.34900275478403975,0.34900275478403975,1.573521162038122,0.007969810758201357,0.007969810758201135
160,CN,alp,F1,40,I,1.0,missense,-0.05412906306771115,0.2945746532167562,0.29457465321675613,-0.22363790218767277,0.08751466430723703,0.08751466430723703
161,CN,alp,F1,40,L,0.0,synonymous,-0.17668531198597703,0.5389969103108913,0.5389969103108911,-0.22363790218767265,0.10962814785021396,0.10962814785021394
162,CN,alp,F1,40,R,1.0,missense,2.6942549250137824,0.07672405076055355,0.07672405076055355,1.5399276549095986,0.1004019435496446,0.10040194354964438
163,CN,alp,F1,40,S,1.0,missense,2.5215285261046456,0.17158568081188408,0.17158568081188408,1.5700181854231865,0.03294526195621139,0.03294526195621139
164,CN,alp,F1,41,C,1.0,missense,-0.8552466914025075,0.2778571878425492,0.2778571878425492,-0.36479827930579356,0.04658769395497775,0.046587693954977694
165,CN,alp,F1,41,G,1.0,missense,2.604697408534988,0.07148803580779362,0.07148803580779362,1.5772555502352053,0.03124321773072558,0.03124321773072558
166,CN,alp,F1,41,R,1.0,missense,2.8858429827377474,0.11528887145293254,0.11528887145293298,1.8145663837556665,0.059811825642517746,0.059811825642517524
167,CN,alp,F1,41,S,1.0,missense,2.9831672591999068,0.07935012601699842,0.07935012601699798,1.5666031096732476,0.04600682565216796,0.04600682565216796
168,CN,alp,F1,41,T,1.0,missense,1.9112335475843767,0.2832532060113191,0.2832532060113193,1.006334147781075,0.19971660474688235,0.19971660474688235
169,CN,alp,F1,41,V,0.0,synonymous,-0.15331561067374405,0.11945759189863792,0.11945759189863792,-0.03602421096089181,0.055162052395695785,0.05516205239569578
170,CN,alp,F1,41,Y,1.0,missense,2.502814210395372,0.18969382156648384,0.18969382156648384,1.4832059516720795,0.07569480307306597,0.07569480307306597
171,CN,alp,F1,42,*,1.0,nonsense,2.1917974850971262,0.33334119185474087,0.3333411918547404,1.6533107578620014,0.06212230337706526,0.06212230337706526
172,CN,alp,F1,42,A,1.0,missense,2.7867423274513587,0.14296761993137608,0.14296761993137563,1.7303956247497663,0.04384651489780422,0.043846514897804
173,CN,alp,F1,42,C,1.0,missense,1.4697287557368333,0.5058694869398244,0.5058694869398246,1.24738820789499,0.1656258690205794,0.1656258690205794
174,CN,alp,F1,42,D,1.0,missense,1.9482962872303622,0.12131999651755421,0.12131999651755443,1.3818343891007618,0.16918774443094753,0.16918774443094775
175,CN,alp,F1,42,F,1.0,missense,0.8766655975413212,0.19234217219619254,0.19234217219619254,-0.5793241585557196,0.049583392143118576,0.049583392143118465
176,CN,alp,F1,42,G,1.0,missense,2.359472433333624,0.10340420935927863,0.10340420935927863,1.5068031646387134,0.18961856741400585,0.18961856741400585
177,CN,alp,F1,42,H,0.0,synonymous,-0.43809518220370763,0.5037100199906941,0.503710019990694,-0.16809715200668776,0.25708926892495054,0.2570892689249505
178,CN,alp,F1,42,I,1.0,missense,2.3847721549524468,0.23240397184867856,0.23240397184867856,1.6568834222495998,0.03731152468279153,0.03731152468279131
179,CN,alp,F1,42,L,1.0,missense,2.44242419899977,0.19221265411783595,0.19221265411783595,1.5618362185624013,0.02764580662894134,0.02764580662894134
180,CN,alp,F1,42,R,1.0,missense,2.8997826251810954,0.11111875824916018,0.11111875824916018,1.7340475467735235,0.04838826758696535,0.04838826758696535
181,CN,alp,F1,42,S,1.0,missense,2.1669503682767193,0.35890110435843803,0.3589011043584378,1.2897264983018912,0.015078026680609646,0.015078026680609646
182,CN,alp,F1,42,V,1.0,missense,3.048315740519843,0.04738872258781379,0.04738872258781379,1.7709583795686648,0.06709106529314934,0.06709106529314957
183,CN,alp,F1,42,Y,1.0,missense,0.22096695397959776,0.033233437021812834,0.033233437021812806,-0.5526108218719414,0.15141898452845637,0.15141898452845626
184,CN,alp,F1,43,G,1.0,missense,2.1594767308608844,0.10549366317286069,0.10549366317286113,1.146937859495428,0.09943527240470895,0.09943527240470895
185,CN,alp,F1,43,L,0.0,synonymous,-0.007167335707817579,0.17775954283845852,0.17775954283845852,-0.15366249982919578,0.005876349356333077,0.005876349356333077
186,CN,alp,F1,44,C,1.0,missense,1.3472605726864748,0.838332474800565,0.8383324748005652,0.1633350401485531,0.5406142464846675,0.5406142464846675
187,CN,alp,F1,44,N,1.0,missense,-0.33250327639063487,0.30703566544161326,0.3070356654416133,-0.5515468843900018,0.08128415819480828,0.08128415819480833
188,CN,alp,F1,44,P,0.0,synonymous,0.15071480664910752,0.1829937084901624,0.1829937084901624,0.09212069927077576,0.08751466430723698,0.08751466430723698
189,CN,alp,F1,44,R,1.0,missense,-0.963486543221534,0.17502932861447418,0.1750293286144743,-0.2207978926251623,0.08481665522285209,0.08481665522285209
190,CN,alp,F1,45,*,1.0,nonsense,2.338754344456009,0.42329543980627093,0.42329543980627093,1.6172132805282078,0.10072790531328168,0.10072790531328146
191,CN,alp,F1,45,A,1.0,missense,0.7575560865555746,0.7071039818312301,0.7071039818312301,0.1842413985415515,0.09857140607872546,0.09857140607872547
192,CN,alp,F1,45,C,1.0,missense,0.9752353323193331,0.3473928532841626,0.3473928532841625,0.0226436798880707,0.19927103873212568,0.19927103873212568
193,CN,alp,F1,45,I,1.0,missense,2.45483189093092,0.4974044701655931,0.4974044701655931,1.6742384344593093,0.1892958369236517,0.1892958369236517
194,CN,alp,F1,45,L,1.0,missense,0.8415776260265799,0.11033568228666124,0.11033568228666135,0.44189468812323124,0.1245929747625914,0.1245929747625914
195,CN,alp,F1,45,M,1.0,missense,-0.8193864214171012,1.2176974772427316,1.2176974772427314,-0.7292298554447865,0.06008882517000225,0.06008882517000225
196,CN,alp,F1,45,T,0.0,synonymous,0.10701968480469493,0.14148334273797042,0.1414833427379704,-0.08245085372321537,0.10044179458003141,0.1004417945800314
197,CN,alp,F1,45,V,1.0,missense,0.5935988786953744,0.2611397224683422,0.26113972246834216,-0.3056165061177728,0.15910718784254912,0.15910718784254918
198,CN,alp,F1,45,W,1.0,missense,2.5534184228706276,0.5141876798939262,0.5141876798939262,1.533755376658164,0.036831300256303434,0.036831300256303656
199,CN,alp,F1,46,F,1.0,missense,2.2774407778018766,0.21321352514724357,0.21321352514724312,1.484976667336622,0.1099762744375481,0.10997627443754787
200,CN,alp,F1,46,L,1.0,missense,2.4998091634346538,0.38153002918125667,0.38153002918125667,1.3324747167054682,0.11011693573129122,0.11011693573129122
201,CN,alp,F1,46,S,0.0,synonymous,0.20469399309532366,0.4595667154792522,0.4595667154792522,-0.09670256435717206,0.11280648812216201,0.11280648812216201
202,CN,alp,F1,46,V,1.0,missense,2.4605430948950953,0.037710636193076574,0.037710636193076574,1.438904596296977,0.06748953921801437,0.06748953921801437
203,CN,alp,F1,46,Y,1.0,missense,1.7768480516861898,0.4109194271145966,0.41091942711459684,1.3471554506315533,0.0033787433393699384,0.0033787433393701605
204,CN,alp,F1,47,*,1.0,nonsense,1.615795938374601,0.21386027753165782,0.21386027753165804,1.433057766916273,0.14711803802137657,0.1471180380213768
205,CN,alp,F1,47,F,1.0,missense,-0.0025987928405944993,0.19272436975083607,0.19272436975083607,-0.5115946426149817,0.15861839996147176,0.1586183999614717
206,CN,alp,F1,47,L,1.0,missense,-0.1285240425003778,0.029035740637112006,0.02903574063711202,-0.0657586014584485,2.7755575615628914e-17,2.7755575615628914e-17
207,CN,alp,F1,47,R,0.0,synonymous,-0.5041765258635291,0.4391530573968424,0.4391530573968424,-0.1754766327020738,0.041761458295918014,0.041761458295918014
208,CN,alp,F1,47,S,1.0,missense,0.2383521872928669,0.01671746537420704,0.01671746537420704,-0.2661191525482508,0.14998533569276318,0.14998533569276318
209,CN,alp,F1,48,G,1.0,missense,2.751269383081919,0.32958276215384164,0.3295827621538412,1.6037874910686005,0.1678539615474297,0.1678539615474295
210,CN,alp,F1,48,I,0.0,synonymous,-0.08643548794582356,0.4082864883553469,0.40828648835534687,-0.14820945518166373,0.03797112319450546,0.03797112319450546
211,CN,alp,F1,48,N,1.0,missense,1.5840818684869946,0.6855537131764701,0.6855537131764704,1.2128437348535366,0.26467221949638586,0.264672219496386
212,CN,alp,F1,48,V,1.0,missense,-0.8858458492424391,0.1205756119705731,0.1205756119705731,-0.6203475442256002,0.09761270164011304,0.09761270164011304
213,CN,alp,F1,48,Y,1.0,missense,2.4417974850971262,0.023639722468342228,0.023639722468342228,1.4230717398502548,0.1398872983598869,0.1398872983598869
214,CN,alp,F1,49,I,0.0,synonymous,0.2820473091372796,0.0582278311263989,0.0582278311263989,0.2763620978123273,0.08751466430723698,0.08751466430723698
215,CN,alp,F1,49,V,1.0,missense,-0.5903111704795352,0.059603373714139596,0.059603373714139596,-0.4338659071843909,0.04884013702460621,0.04884013702460621
216,CN,alp,F1,50,G,1.0,missense,-0.07345987325226377,0.19105005797175967,0.19105005797175964,-0.588495806846997,0.018756842723427924,0.018756842723427924
217,CN,alp,F1,50,M,1.0,missense,0.07632026767719025,0.333341191854741,0.3333411918547409,-0.6776171360779298,0.01105674177148841,0.01105674177148841
218,CN,alp,F1,50,S,0.0,synonymous,0.15071480664910752,0.1829937084901624,0.1829937084901624,0.010402431801431744,0.009882310211360157,0.009882310211360157
219,CN,alp,F1,50,W,1.0,missense,1.9842787354577043,0.1696333104457044,0.1696333104457044,1.0779748171791839,0.2538690973657465,0.2538690973657465
220,CN,alp,F1,50,Y,1.0,missense,2.2112981130974445,0.47319186877390496,0.47319186877390473,1.4670447839338892,0.09722177445092117,0.09722177445092117
221,CN,alp,F1,51,C,1.0,missense,-0.31276544104192955,0.2375,0.23749999999999993,-0.34355765412550454,0.21109089996629682,0.21109089996629676
222,CN,alp,F1,51,G,1.0,missense,-0.5905232691391153,0.3429936631728606,0.3429936631728607,-0.42547663270207375,0.011056741771488465,0.011056741771488465
223,CN,alp,F1,51,R,0.0,synonymous,-0.32292593716626583,0.1556460592954816,0.15564605929548161,-0.10178281241934031,0.19409064631697046,0.19409064631697043
224,CN,alp,F1,51,S,1.0,missense,-0.15340796088810643,0.3166881367597331,0.3166881367597331,-0.13379866598642481,0.14922221623008036,0.14922221623008036
225,CN,alp,F1,51,V,1.0,missense,0.31324225775759396,0.14271471059016708,0.1427147105901671,-0.5925484915585442,0.06155113028829029,0.06155113028829018
226,CN,alp,F1,51,W,1.0,missense,-1.0746149535958642,0.1361983796972901,0.13619837969728998,-1.0688433481729054,0.06540118076426027,0.06540118076426005
227,CN,alp,F1,52,*,1.0,nonsense,2.747313141291498,0.3053666895542957,0.3053666895542957,1.7383613244510647,0.05141392961403768,0.05141392961403768
228,CN,alp,F1,52,D,1.0,missense,2.2371526451671615,0.6208508510154096,0.62085085101541,1.6202716288887136,0.1943038569227009,0.1943038569227009
229,CN,alp,F1,52,G,0.0,synonymous,-0.0129852526684347,0.09985558693218476,0.09985558693218476,-0.1573809177534523,0.05516205239569577,0.055162052395695785
230,CN,alp,F1,52,L,1.0,missense,2.6041460784261647,0.6583313145788978,0.6583313145788976,1.4150783752527731,0.049661817429956345,0.049661817429956345
231,CN,alp,F1,52,V,1.0,missense,2.0146983746047677,0.2291885874279016,0.22918858742790116,1.3976612900516618,0.004937518570478749,0.004937518570478527
232,CN,alp,F1,53,C,1.0,missense,0.021256098429076054,0.8153278592280752,0.8153278592280752,-0.4996671969801464,0.05411193869842257,0.05411193869842251
233,CN,alp,F1,53,H,0.0,synonymous,-0.4648239831828358,0.1456087929435037,0.1456087929435037,-0.1814615524962518,0.0780386554013553,0.07803865540135528
234,CN,alp,F1,54,*,1.0,nonsense,1.8860801290559523,0.3487413937586201,0.34874139375862034,1.481862522317829,0.1326327634227038,0.13263276342270358
235,CN,alp,F1,54,N,0.0,synonymous,1.1332553725118544,0.5140730069890898,0.5140730069890898,0.22133750017080428,0.25180224456494144,0.25180224456494144
236,CN,alp,F1,55,*,1.0,nonsense,2.4302924801079273,0.059561424635707017,0.05956142463570657,1.5477945663187982,0.0788397687512723,0.07883976875127252
237,CN,alp,F1,55,C,1.0,missense,-0.18382760003516962,0.2985815159075629,0.2985815159075629,-0.4114504447538207,0.1465927488693965,0.1465927488693965
238,CN,alp,F1,55,E,1.0,missense,-1.047135169902415,0.292705945425088,0.292705945425088,-0.5126222059656027,0.08844901820307094,0.0884490182030711
239,CN,alp,F1,55,F,1.0,missense,2.9148952415754774,0.11606671531073687,0.11606671531073642,1.5629023019125823,0.32554453238650427,0.32554453238650427
240,CN,alp,F1,55,G,1.0,missense,0.13459281247315613,0.08185394070451839,0.08185394070451837,-0.5194281789683997,0.014200316870629948,0.014200316870629948
241,CN,alp,F1,55,K,1.0,missense,-0.5152476574722872,1.0366867439850718,1.0366867439850715,-0.029557750479763056,0.10798143329411322,0.10798143329411321
242,CN,alp,F1,55,L,1.0,missense,-0.6199701136658996,0.13200633682713936,0.13200633682713941,-0.27043734153536003,0.0430551969269341,0.04305519692693413
243,CN,alp,F1,55,N,0.0,synonymous,0.010292098429435681,0.6776834461602599,0.6776834461602599,-0.1420238242802606,0.15586168504909614,0.15586168504909614
244,CN,alp,F1,55,R,1.0,missense,-0.337649359429658,0.16963331044570418,0.16963331044570418,0.09212069927077576,0.08751466430723698,0.08751466430723698
245,CN,alp,F1,55,V,1.0,missense,-0.19987459721593986,0.3273965105227607,0.3273965105227607,-0.2967582147778172,0.15697896126787425,0.15697896126787425
246,CN,alp,F1,55,Y,1.0,missense,1.4511701969398199,0.15202471304198406,0.15202471304198384,0.5749327588020339,0.1740139800900074,0.17401398009000746
247,CN,alp,F1,56,*,1.0,nonsense,2.1365342563626806,0.07874491753402602,0.07874491753402557,1.3735034197917404,0.14228523474082322,0.14228523474082344
248,CN,alp,F1,56,G,1.0,missense,2.277171743662345,0.26458337027093215,0.2645833702709317,1.541636296832158,0.02319600980433001,0.02319600980433023
249,CN,alp,F1,56,L,1.0,missense,0.7296790077513271,0.23750000000000004,0.23750000000000004,-0.08191897857656932,0.015352358262214802,0.015352358262214802
250,CN,alp,F1,56,R,0.0,synonymous,-0.08643548794582356,0.4082864883553469,0.40828648835534687,-0.08368709747071879,0.09926736301990316,0.09926736301990316
251,CN,alp,F1,56,V,1.0,missense,2.6674086577414577,0.19069089154377306,0.1906908915437726,1.2831680708151243,0.022834771718403646,0.022834771718403646
252,CN,alp,F1,56,Y,1.0,missense,2.8551619444297973,0.11951383339576971,0.11951383339577015,1.7196497078563335,0.020706545143728494,0.020706545143728716
253,CN,alp,F1,57,C,1.0,missense,-0.713486543221534,0.1346721407719249,0.1346721407719249,-0.5439182052153069,0.015352358262214705,0.015352358262214705
254,CN,alp,F1,57,E,1.0,missense,-0.6792299129911121,0.15486821543767726,0.15486821543767726,-0.5267898901000958,0.12402180167381627,0.12402180167381632
255,CN,alp,F1,57,H,1.0,missense,-1.0496485860683955,0.05974045716154164,0.05974045716154153,-0.263878914048593,0.02717221949638582,0.027172219496385736
256,CN,alp,F1,57,L,1.0,missense,0.20869106316821218,0.11709700267902778,0.11709700267902778,0.16300077336126254,0.02017859392127455,0.02017859392127455
257,CN,alp,F1,57,M,1.0,missense,-2.1653252737359354,0.1555033223335296,0.15550332233353004,-0.8217172578823628,0.07505365208237968,0.07505365208237968
258,CN,alp,F1,57,V,0.0,synonymous,0.08415606931097852,0.1325126738227942,0.1325126738227942,-0.5528632178265229,0.01756297004458729,0.01756297004458718
259,CN,alp,F1,58,*,1.0,nonsense,1.8121307814997958,0.31192444432868527,0.31192444432868527,1.2134774060633362,0.2028035357601694,0.2028035357601694
260,CN,alp,F1,58,K,1.0,missense,2.115795938374601,0.29457465321675613,0.29457465321675613,1.353053554427068,0.04102771721555998,0.04102771721555998
261,CN,alp,F1,58,Q,0.0,synonymous,0.23701474733156536,0.3373555869321848,0.3373555869321848,-0.028662499829195748,0.014302244564941426,0.014302244564941422
262,CN,alp,F1,58,V,1.0,missense,2.6380442623544136,0.23149090838882103,0.23149090838882103,1.636970133972142,0.1872799430648031,0.18727994306480333
263,CN,alp,F1,59,F,1.0,missense,-0.5699077290911222,0.6012660879698161,0.6012660879698161,-0.3142494974208767,0.02220607363264887,0.02220607363264887
264,CN,alp,F1,59,G,1.0,missense,0.434510898682247,0.5973538655090199,0.5973538655090198,-0.22363790218767265,0.10962814785021396,0.10962814785021394
265,CN,alp,F1,59,L,0.0,synonymous,0.10701968480469493,0.14148334273797042,0.1414833427379704,0.17260272299261625,0.01105674177148852,0.01105674177148852
266,CN,alp,F1,59,Y,1.0,missense,-0.7910946572339173,1.2445746532167563,1.244574653216756,0.26163867554893505,0.2264432582285115,0.22644325822851152
267,CN,alp,F1,60,F,1.0,missense,0.61942083079838,0.6201024559478491,0.620102455947849,-0.13482622933704588,0.19399923705830943,0.1939992370583094
268,CN,alp,F1,60,K,1.0,missense,-1.1265057173664572,0.11166752519943501,0.11166752519943479,-0.7504277922877685,0.0038500504759697574,0.0038500504759697574
269,CN,alp,F1,60,L,1.0,missense,-0.08036277301477907,0.841776122603155,0.841776122603155,-0.1754766327020738,0.041761458295918014,0.041761458295918014
270,CN,alp,F1,60,S,0.0,synonymous,-0.2905171170621169,0.46429162623697195,0.46429162623697195,-0.12958186508639624,0.08157115242939905,0.08157115242939905
271,CN,alp,F1,61,S,0.0,synonymous,1.0526809985756511,0.715384539592246,0.7153845395922462,0.7763620978123273,0.3653718521497862,0.36537185214978596
272,CN,alp,F1,62,F,1.0,missense,0.3845928124731559,0.1222111285470675,0.1222111285470675,-0.2851195392288821,0.09157778050361426,0.09157778050361426
273,CN,alp,F1,62,L,1.0,missense,-0.803633972035651,0.24617489555596472,0.2461748955559646,-0.30331664226458427,0.033933344777147934,0.033933344777147934
274,CN,alp,F1,62,N,0.0,synonymous,-0.7366896934954206,0.20417004387609006,0.20417004387609006,-0.5155147202426889,0.09136353395219576,0.09136353395219582
275,CN,alp,F1,62,Y,1.0,missense,0.5677227347569095,0.17124321194558134,0.17124321194558134,-0.028313566226085024,0.25095929992776844,0.25095929992776844
276,CN,alp,F1,63,*,1.0,nonsense,2.1414693783747114,0.11749561648857121,0.11749561648857121,1.3656954555669676,0.11524159315823201,0.11524159315823201
277,CN,alp,F1,63,F,1.0,missense,0.15520835252114928,0.723619953478836,0.723619953478836,-0.14981176920488548,0.2769933215165659,0.2769933215165659
278,CN,alp,F1,63,T,1.0,missense,-0.23442392069594464,0.07156914364867667,0.0715691436486767,-0.5227372053885486,0.04371382866209794,0.043713828662098
279,CN,alp,F1,63,V,0.0,synonymous,-0.19579686103432214,0.0791004040560887,0.07910040405608872,-0.1295818650863963,0.028752952361992573,0.028752952361992573
280,CN,alp,F1,64,*,1.0,nonsense,2.852761532540807,0.04469196767465178,0.04469196767465222,1.6800395588411294,0.08751466430723687,0.08751466430723687
281,CN,alp,F1,64,C,1.0,missense,-0.4210052928609559,0.09590560213394017,0.09590560213394012,-0.6879185918959381,0.09933452554140798,0.09933452554140798
282,CN,alp,F1,64,F,1.0,missense,0.4372345589580704,0.2778571878425492,0.2778571878425492,-0.4569189785765694,0.04092697035225917,0.04092697035225923
283,CN,alp,F1,64,I,1.0,missense,0.3993162347365481,0.16963331044570418,0.16963331044570418,-0.08849580684699704,0.456243157276572,0.456243157276572
284,CN,alp,F1,64,L,1.0,missense,0.40787016357102635,0.45561673068100755,0.4556167306810075,-0.021240625180289047,0.2173214060787254,0.21732140607872538
285,CN,alp,F1,64,R,0.0,synonymous,-0.0013949663684340863,0.45564005310545286,0.45564005310545286,0.0042168009000284334,0.01693309112782155,0.01693309112782155
286,CN,alp,F1,64,V,1.0,missense,2.2706729415291083,0.5224221818986363,0.5224221818986368,1.603342324512968,0.25188344894162795,0.2518834489416282
287,CN,alp,F1,64,Y,1.0,missense,-0.8421298364289737,0.3818246120900445,0.3818246120900444,-0.410119539228882,0.049285703039362805,0.049285703039362805
288,CN,alp,F1,65,H,0.0,synonymous,1.052773348790014,0.03738491554665879,0.03738491554665857,0.452337113490173,0.5191053106242074,0.5191053106242074
289,CN,alp,F1,65,L,1.0,missense,2.7190213771083145,0.028606828038167276,0.028606828038167276,1.7122100636437372,0.12634561322442095,0.12634561322442073
290,CN,alp,F1,65,M,1.0,missense,2.504599727706377,0.4140555675398394,0.4140555675398394,1.8768867087051635,0.061409212438703564,0.061409212438703564
291,CN,alp,F1,65,R,1.0,missense,2.247313141291498,0.386081065239394,0.3860810652393938,1.6669227038675956,0.07505365208237968,0.07505365208237968
292,CN,alp,F1,66,*,1.0,nonsense,2.7222928000417004,0.24068207956969623,0.24068207956969623,1.879095373048854,0.12548410679210464,0.12548410679210464
293,CN,alp,F1,66,G,0.0,synonymous,0.09077412215127634,0.0012841808534592714,0.0012841808534592714,0.14338226480687952,0.03881617704793841,0.03881617704793841
294,CN,alp,F1,66,L,1.0,missense,3.1956094285218604,0.23132613797342527,0.23132613797342527,1.6408470201667988,0.09404285952342128,0.09404285952342128
295,CN,alp,F1,66,V,1.0,missense,2.9011640448628215,0.04183922172827215,0.0418392217282717,1.7902410118609202,0.1666139518415164,0.16661395184151617
296,CN,alp,F1,67,*,1.0,nonsense,2.6870981360960013,0.24068207956969623,0.24068207956969623,1.7354874147416073,0.195738541704082,0.195738541704082
297,CN,alp,F1,67,E,0.0,synonymous,0.2851760168171642,0.5668912070564962,0.5668912070564962,0.1935384475037482,0.2782113445986447,0.2782113445986447
298,CN,alp,F1,67,F,1.0,missense,2.019942970985384,0.3873503176738926,0.3873503176738926,1.6995222768287812,0.09551310235869659,0.09551310235869637
299,CN,alp,F1,67,G,1.0,missense,2.4937706980074594,0.007700100951939515,0.007700100951939515,1.5531519879124231,0.0726078720597787,0.07260787205977848
300,CN,alp,F1,68,M,0.0,synonymous,0.15071480664910752,0.1829937084901624,0.1829937084901624,-0.08368709747071879,0.09926736301990316,0.09926736301990316
301,CN,alp,F1,68,N,1.0,missense,-0.9538164261805192,0.08284921170157145,0.08284921170157145,-0.6640831466947994,0.09340831797453342,0.0934083179745333
302,CN,alp,F1,69,D,0.0,synonymous,0.576050699887884,0.3373555869321846,0.3373555869321847,-0.1610242109608918,0.1739120523956958,0.17391205239569577
303,CN,alp,F1,69,F,1.0,missense,2.6948365006736106,0.12695627574405943,0.12695627574405988,1.6085698464747966,0.08587522561363947,0.0858752256136397
304,CN,alp,F1,69,G,1.0,missense,2.5285756970921986,0.12836652137271987,0.12836652137271987,1.5482278081249121,0.10709942735283051,0.10709942735283051
305,CN,alp,F1,69,S,1.0,missense,0.4196372269852209,0.583223877396845,0.583223877396845,-0.11987852736796167,0.01105674177148852,0.011056741771488507
306,CN,alp,F1,70,C,0.0,synonymous,-0.3434672763902753,0.06118649053206676,0.06118649053206676,-0.12078319909997154,0.025358986336429967,0.025358986336429953
307,CN,alp,F1,70,V,1.0,missense,-0.6564011213046255,0.1611553656359601,0.16115536563596006,-0.2569862197745354,0.019733027906518152,0.019733027906518097
308,CN,alp,F1,71,G,1.0,missense,3.0044784447223294,0.44790424910099436,0.44790424910099436,1.715185805176235,0.16521690535711842,0.1652169053571182
309,CN,alp,F1,71,L,0.0,synonymous,-0.10049906483472693,0.055659469419480356,0.05565946941948035,0.011638675548935162,0.011056741771488405,0.011056741771488403
