Nham_aa,aa_seq,aa_pos,alt_aa,fitness_T1,lower_err_T1,upper_err_T1,fitness_T2,lower_err_T2,upper_err_T2
0,SPVEGSPAKPEDYPHFMSVAHEQALKSLSEGGIPIGAALVHLPTSRIISRGHNNRVQLSSNVRHGEMDCL,not-applicable,not-applicable,-0.0041765258635290126,0.03584694260315767,0.03584694260315766,0.020804863602863488,0.019764620422720314,0.019764620422720314
1,GPVEGSPAKPEDYPHFMSVAHEQALKSLSEGGIPIGAALVHLPTSRIISRGHNNRVQLSSNVRHGEMDCL,2,G,0.9944392315820408,0.14585085101540973,0.14585085101540962,-0.7214911891884929,0.17698169898065397,0.17698169898065397
1,S*VEGSPAKPEDYPHFMSVAHEQALKSLSEGGIPIGAALVHLPTSRIISRGHNNRVQLSSNVRHGEMDCL,3,*,2.4548318909309197,0.3333411918547404,0.33334119185474087,3.2824400049433033,0.16814203300929442,0.16814203300929442
1,SFVEGSPAKPEDYPHFMSVAHEQALKSLSEGGIPIGAALVHLPTSRIISRGHNNRVQLSSNVRHGEMDCL,3,F,-0.026905171056523125,0.46484028940018235,0.4648402894001823,-1.458459710889573,0.1201776503400045,0.1201776503400045
1,SIVEGSPAKPEDYPHFMSVAHEQALKSLSEGGIPIGAALVHLPTSRIISRGHNNRVQLSSNVRHGEMDCL,3,I,0.34157762602657993,0.11478163217123444,0.11478163217123444,-0.5322383050965016,0.29997067138552636,0.29997067138552636
1,SPREGSPAKPEDYPHFMSVAHEQALKSLSEGGIPIGAALVHLPTSRIISRGHNNRVQLSSNVRHGEMDCL,4,R,-0.6301306097902359,0.14165880814525889,0.14165880814525894,-0.10823985181902662,0.14705482631402889,0.14705482631402889
1,SPVECSPAKPEDYPHFMSVAHEQALKSLSEGGIPIGAALVHLPTSRIISRGHNNRVQLSSNVRHGEMDCL,6,C,-0.4552293431246664,0.288510068841311,0.2885100688413109,-1.225819835514035,0.18109391298991895,0.18109391298991895
1,SPVEFSPAKPEDYPHFMSVAHEQALKSLSEGGIPIGAALVHLPTSRIISRGHNNRVQLSSNVRHGEMDCL,6,F,-0.5738639708815428,0.2673135844949166,0.26731358449491655,-1.028695861812463,0.6659689501308768,0.6659689501308765
1,SPVEGCPAKPEDYPHFMSVAHEQALKSLSEGGIPIGAALVHLPTSRIISRGHNNRVQLSSNVRHGEMDCL,7,C,-0.7996485860683956,0.05281820006740645,0.05281820006740645,-1.1739984532774748,0.04035718784254905,0.040357187842548825
1,SPVEGFPAKPEDYPHFMSVAHEQALKSLSEGGIPIGAALVHLPTSRIISRGHNNRVQLSSNVRHGEMDCL,7,F,-0.048685504694493925,0.44805371317647,0.44805371317647,-1.0839994193472546,0.06622910108642532,0.06622910108642555
1,SPVEGGPAKPEDYPHFMSVAHEQALKSLSEGGIPIGAALVHLPTSRIISRGHNNRVQLSSNVRHGEMDCL,7,G,-0.9151131750763549,0.3789573144186579,0.3789573144186579,-1.424936486992752,0.060518301019345966,0.060518301019345966
1,SPVEGLPAKPEDYPHFMSVAHEQALKSLSEGGIPIGAALVHLPTSRIISRGHNNRVQLSSNVRHGEMDCL,7,L,-0.8728440233753569,0.12235386550901972,0.12235386550901972,-0.5584720150435696,0.06939292847966116,0.06939292847966122
1,SPVEGNPAKPEDYPHFMSVAHEQALKSLSEGGIPIGAALVHLPTSRIISRGHNNRVQLSSNVRHGEMDCL,7,N,0.10021693153567227,0.32705404165645807,0.327054041656458,-0.45837433421495866,0.24520010095193945,0.24520010095193942
1,SPVEGSEAKPEDYPHFMSVAHEQALKSLSEGGIPIGAALVHLPTSRIISRGHNNRVQLSSNVRHGEMDCL,8,E,0.26912822346519655,0.6012660879698162,0.6012660879698162,-0.20898101856359397,0.5958700698010464,0.5958700698010464
1,SPVEGSGAKPEDYPHFMSVAHEQALKSLSEGGIPIGAALVHLPTSRIISRGHNNRVQLSSNVRHGEMDCL,8,G,-0.4458892112486847,0.4361690510828162,0.4361690510828162,-1.0469617273598937,0.2332435468506504,0.23324354685065007
1,SPVEGSP*KPEDYPHFMSVAHEQALKSLSEGGIPIGAALVHLPTSRIISRGHNNRVQLSSNVRHGEMDCL,9,*,2.358509351959722,0.13213142328316385,0.13213142328316385,3.4411810998713883,0.06156495991356703,0.06156495991356703
1,SPVEGSPAGPEDYPHFMSVAHEQALKSLSEGGIPIGAALVHLPTSRIISRGHNNRVQLSSNVRHGEMDCL,10,G,-0.48388998460994714,0.3527888714529325,0.3527888714529325,-0.21199922663873755,0.5956848896217022,0.5956848896217022
1,SPVEGSPAKAEDYPHFMSVAHEQALKSLSEGGIPIGAALVHLPTSRIISRGHNNRVQLSSNVRHGEMDCL,11,A,0.12715597662464295,0.12235386550901978,0.12235386550901978,0.1490467345958525,0.6027498836777898,0.6027498836777897
1,SPVEGSPAKP*DYPHFMSVAHEQALKSLSEGGIPIGAALVHLPTSRIISRGHNNRVQLSSNVRHGEMDCL,12,*,2.6030283923210327,0.4372622465521738,0.4372622465521734,3.4415279849564304,0.11361989556561536,0.11361989556561536
1,SPVEGSPAKPEDFPHFMSVAHEQALKSLSEGGIPIGAALVHLPTSRIISRGHNNRVQLSSNVRHGEMDCL,14,F,0.2881200240683241,0.24183477983210278,0.24183477983210283,-1.3509532654041476,0.08352291659183608,0.08352291659183608
1,SPVEGSPAKPEDLPHFMSVAHEQALKSLSEGGIPIGAALVHLPTSRIISRGHNNRVQLSSNVRHGEMDCL,14,L,0.03334685381942579,0.04052195825794437,0.04052195825794437,-0.131517202916897,0.2778571878425491,0.2778571878425491
1,SPVEGSPAKPEDYPHFM*VAHEQALKSLSEGGIPIGAALVHLPTSRIISRGHNNRVQLSSNVRHGEMDCL,19,*,2.247313141291498,0.1696333104457044,0.1696333104457044,3.061685149623286,0.45288651645702327,0.45288651645702327
1,SPVEGSPAKPEDYPHFMAVAHEQALKSLSEGGIPIGAALVHLPTSRIISRGHNNRVQLSSNVRHGEMDCL,19,A,-0.8340244670058792,0.5866675251994351,0.5866675251994349,-0.8121337090346697,0.10627150703066501,0.10627150703066501
1,SPVEGSPAKPEDYPHFMSFAHEQALKSLSEGGIPIGAALVHLPTSRIISRGHNNRVQLSSNVRHGEMDCL,20,F,-0.04154321664530114,0.11166752519943485,0.11166752519943485,0.08410691614561921,0.4827001009519396,0.48270010095193955
1,SPVEGSPAKPEDYPHFMSHAHEQALKSLSEGGIPIGAALVHLPTSRIISRGHNNRVQLSSNVRHGEMDCL,20,H,-0.1822772652430904,0.621971163739517,0.6219711637395169,-0.056627132452170104,0.25093858798701224,0.25093858798701224
1,SPVEGSPAKPEDYPHFMSVAGEQALKSLSEGGIPIGAALVHLPTSRIISRGHNNRVQLSSNVRHGEMDCL,22,G,0.4730948289434769,0.6340085992571882,0.6340085992571882,-0.3157586014584486,0.34419763847147977,0.34419763847147977
1,SPVEGSPAKPEDYPHFMSVAHE*ALKSLSEGGIPIGAALVHLPTSRIISRGHNNRVQLSSNVRHGEMDCL,24,*,2.9325264475807744,0.3494263314912258,0.3494263314912258,3.8842067019858693,0.4600622903423721,0.4600622903423721
1,SPVEGSPAKPEDYPHFMSVAHECALKSLSEGGIPIGAALVHLPTSRIISRGHNNRVQLSSNVRHGEMDCL,24,C,0.3011176283347964,0.07634463436403985,0.07634463436403982,-1.176991613693994,0.08174065253280993,0.08174065253280993
1,SPVEGSPAKPEDYPHFMSVAHEQACKSLSEGGIPIGAALVHLPTSRIISRGHNNRVQLSSNVRHGEMDCL,26,C,-0.8026417464849146,0.35971112854706766,0.35971112854706766,-0.676991613693994,0.02211348354297704,0.02211348354297704
1,SPVEGSPAKPEDYPHFMSVAHEQAEKSLSEGGIPIGAALVHLPTSRIISRGHNNRVQLSSNVRHGEMDCL,26,E,-0.8628937713608631,0.8109066356633303,0.8109066356633301,-0.7372436385699428,0.43987405991082573,0.4398740599108255
1,SPVEGSPAKPEDYPHFMSVAHEQALFSLSEGGIPIGAALVHLPTSRIISRGHNNRVQLSSNVRHGEMDCL,27,F,-0.1017952415212498,0.054428101567283615,0.054428101567283615,-0.4761451087303295,0.14760348947723917,0.14760348947723917
1,SPVEGSPAKPEDYPHFMSVAHEQALKCLSEGGIPIGAALVHLPTSRIISRGHNNRVQLSSNVRHGEMDCL,28,C,1.7674460705842614,0.5564078477016365,0.5564078477016363,0.7367569312965027,0.1424893636091994,0.1424893636091994
1,SPVEGSPAKPEDYPHFMSVAHEQALKFLSEGGIPIGAALVHLPTSRIISRGHNNRVQLSSNVRHGEMDCL,28,F,2.548524169385588,0.08682731850585634,0.08682731850585679,3.1297038708588447,0.18710666922039776,0.1871066692203982
1,SPVEGSPAKPEDYPHFMSVAHEQALKHLSEGGIPIGAALVHLPTSRIISRGHNNRVQLSSNVRHGEMDCL,28,H,2.7447997251255174,0.39058061548689205,0.39058061548689205,3.349685922984548,0.39182879582515406,0.39182879582515406
1,SPVEGSPAKPEDYPHFMSVAHEQALKSCSEGGIPIGAALVHLPTSRIISRGHNNRVQLSSNVRHGEMDCL,29,C,-0.7858631975202803,0.2630571313455665,0.26305713134556674,-1.16021306472936,0.15908970709807146,0.15908970709807146
1,SPVEGSPAKPEDYPHFMSVAHEQALKSFSEGGIPIGAALVHLPTSRIISRGHNNRVQLSSNVRHGEMDCL,29,F,-0.4146799332702411,0.7178123555942579,0.7178123555942578,-1.3871091561740108,0.04566954343680707,0.04566954343680729
1,SPVEGSPAKPEDYPHFMSVAHEQALKSISEGGIPIGAALVHLPTSRIISRGHNNRVQLSSNVRHGEMDCL,29,I,-0.9226118601508142,0.4195159959878083,0.4195159959878083,-0.9694728640545722,0.11540215962464062,0.11540215962464073
1,SPVEGSPAKPEDYPHFMSVAHEQALKSKSEGGIPIGAALVHLPTSRIISRGHNNRVQLSSNVRHGEMDCL,29,K,-0.9091232003403096,0.45569655954189336,0.45569655954189325,-1.033473067549389,0.1636280525481515,0.16362805254815127
1,SPVEGSPAKPEDYPHFMSVAHEQALKSL*EGGIPIGAALVHLPTSRIISRGHNNRVQLSSNVRHGEMDCL,30,*,2.9345108986822472,0.1223538655090195,0.1223538655090195,3.6057634553334976,0.0035410691907302727,0.003541069190730717
1,SPVEGSPAKPEDYPHFMSVAHEQALKSLEEGGIPIGAALVHLPTSRIISRGHNNRVQLSSNVRHGEMDCL,30,E,0.0806012744289023,0.2277047917199281,0.22770479171992808,-1.5584720150435696,0.06939292847966128,0.06939292847966128
1,SPVEGSPAKPEDYPHFMSVAHEQALKSLFEGGIPIGAALVHLPTSRIISRGHNNRVQLSSNVRHGEMDCL,30,F,0.4786867822005905,0.31067904514855377,0.31067904514855377,0.023854891269670497,0.48031235559425794,0.48031235559425794
1,SPVEGSPAKPEDYPHFMSVAHEQALKSLNEGGIPIGAALVHLPTSRIISRGHNNRVQLSSNVRHGEMDCL,30,N,-0.48087177653480323,0.5609089001272671,0.560908900127267,-1.1052216437438829,0.2194414758797718,0.2194414758797717
1,SPVEGSPAKPEDYPHFMSVAHEQALKSLSEGG*PIGAALVHLPTSRIISRGHNNRVQLSSNVRHGEMDCL,34,*,2.6547971943752375,0.1768090843310528,0.1768090843310528,3.1604440259719953,0.02960295857567763,0.029602958575677185
1,SPVEGSPAKPEDYPHFMSVAHEQALKSLSEGGEPIGAALVHLPTSRIISRGHNNRVQLSSNVRHGEMDCL,34,E,2.653796711735864,0.33067538790995554,0.33067538790995554,3.3117675987630255,0.14716811448573752,0.14716811448573797
1,SPVEGSPAKPEDYPHFMSVAHEQALKSLSEGGFPIGAALVHLPTSRIISRGHNNRVQLSSNVRHGEMDCL,34,F,1.8030846891681311,0.5323527118038596,0.5323527118038598,3.117456697499919,0.2749622032031698,0.27496220320316933
1,SPVEGSPAKPEDYPHFMSVAHEQALKSLSEGGGPIGAALVHLPTSRIISRGHNNRVQLSSNVRHGEMDCL,34,G,2.4766198782046907,0.21720907432981074,0.21720907432981074,3.310656122505228,0.030013316399267076,0.030013316399267076
1,SPVEGSPAKPEDYPHFMSVAHEQALKSLSEGGIMIGAALVHLPTSRIISRGHNNRVQLSSNVRHGEMDCL,35,M,1.8173283671809852,0.14165880814525922,0.14165880814525922,2.924181625873351,0.10282785922807536,0.10282785922807536
1,SPVEGSPAKPEDYPHFMSVAHEQALKSLSEGGIPFGAALVHLPTSRIISRGHNNRVQLSSNVRHGEMDCL,36,F,2.7042820387782154,0.2532986463767011,0.25329864637670063,3.0334322304940393,0.09023508769676392,0.09023508769676436
1,SPVEGSPAKPEDYPHFMSVAHEQALKSLSEGGIPI*AALVHLPTSRIISRGHNNRVQLSSNVRHGEMDCL,37,*,2.478242319307417,0.1615233916002068,0.1615233916002068,2.8082051552633445,0.1678535547291249,0.1678535547291249
1,SPVEGSPAKPEDYPHFMSVAHEQALKSLSEGGIPIG*ALVHLPTSRIISRGHNNRVQLSSNVRHGEMDCL,38,*,2.527288725260285,0.07993437617362886,0.0799343761736293,3.151693884430609,0.2842885192022435,0.2842885192022435
1,SPVEGSPAKPEDYPHFMSVAHEQALKSLSEGGIPIGA*LVHLPTSRIISRGHNNRVQLSSNVRHGEMDCL,39,*,2.592031753333308,0.3105386397220955,0.31053863972209594,3.4127010516516956,0.23867574750970055,0.2386757475097001
1,SPVEGSPAKPEDYPHFMSVAHEQALKSLSEGGIPIGAAFVHLPTSRIISRGHNNRVQLSSNVRHGEMDCL,40,F,2.1823394667156917,0.1506439256076222,0.15064392560762174,1.1770991104923587,0.5710426855813421,0.571042685581342
1,SPVEGSPAKPEDYPHFMSVAHEQALKSLSEGGIPIGAAGVHLPTSRIISRGHNNRVQLSSNVRHGEMDCL,40,G,2.0767661378952806,0.34900275478403975,0.34900275478403975,3.147042324076244,0.015939621516402713,0.01593962151640227
1,SPVEGSPAKPEDYPHFMSVAHEQALKSLSEGGIPIGAAIVHLPTSRIISRGHNNRVQLSSNVRHGEMDCL,40,I,-0.05412906306771115,0.2945746532167562,0.29457465321675613,-0.44727580437534553,0.17502932861447407,0.17502932861447407
1,SPVEGSPAKPEDYPHFMSVAHEQALKSLSEGGIPIGAALCHLPTSRIISRGHNNRVQLSSNVRHGEMDCL,41,C,-0.8552466914025075,0.2778571878425492,0.2778571878425492,-0.7295965586115871,0.0931753879099555,0.09317538790995539
1,SPVEGSPAKPEDYPHFMSVAHEQALKSLSEGGIPIGAALGHLPTSRIISRGHNNRVQLSSNVRHGEMDCL,41,G,2.604697408534988,0.07148803580779362,0.07148803580779362,3.1545111004704105,0.06248643546145116,0.06248643546145116
1,SPVEGSPAKPEDYPHFMSVAHEQALKSLSEGGIPIGAALRHLPTSRIISRGHNNRVQLSSNVRHGEMDCL,41,R,2.8858429827377474,0.11528887145293254,0.11528887145293298,3.629132767511333,0.11962365128503549,0.11962365128503505
1,SPVEGSPAKPEDYPHFMSVAHEQALKSLSEGGIPIGAALSHLPTSRIISRGHNNRVQLSSNVRHGEMDCL,41,S,2.9831672591999068,0.07935012601699842,0.07935012601699798,3.133206219346495,0.09201365130433592,0.09201365130433592
1,SPVEGSPAKPEDYPHFMSVAHEQALKSLSEGGIPIGAALTHLPTSRIISRGHNNRVQLSSNVRHGEMDCL,41,T,1.9112335475843767,0.2832532060113191,0.2832532060113193,2.01266829556215,0.3994332094937647,0.3994332094937647
1,SPVEGSPAKPEDYPHFMSVAHEQALKSLSEGGIPIGAALV*LPTSRIISRGHNNRVQLSSNVRHGEMDCL,42,*,2.1917974850971262,0.33334119185474087,0.3333411918547404,3.306621515724003,0.12424460675413052,0.12424460675413052
1,SPVEGSPAKPEDYPHFMSVAHEQALKSLSEGGIPIGAALVALPTSRIISRGHNNRVQLSSNVRHGEMDCL,42,A,2.7867423274513587,0.14296761993137608,0.14296761993137563,3.4607912494995325,0.08769302979560845,0.087693029795608
1,SPVEGSPAKPEDYPHFMSVAHEQALKSLSEGGIPIGAALVCLPTSRIISRGHNNRVQLSSNVRHGEMDCL,42,C,1.4697287557368333,0.5058694869398244,0.5058694869398246,2.49477641578998,0.3312517380411588,0.3312517380411588
1,SPVEGSPAKPEDYPHFMSVAHEQALKSLSEGGIPIGAALVDLPTSRIISRGHNNRVQLSSNVRHGEMDCL,42,D,1.9482962872303622,0.12131999651755421,0.12131999651755443,2.7636687782015237,0.33837548886189506,0.3383754888618955
1,SPVEGSPAKPEDYPHFMSVAHEQALKSLSEGGIPIGAALVFLPTSRIISRGHNNRVQLSSNVRHGEMDCL,42,F,0.8766655975413212,0.19234217219619254,0.19234217219619254,-1.1586483171114392,0.09916678428623715,0.09916678428623693
1,SPVEGSPAKPEDYPHFMSVAHEQALKSLSEGGIPIGAALVGLPTSRIISRGHNNRVQLSSNVRHGEMDCL,42,G,2.359472433333624,0.10340420935927863,0.10340420935927863,3.013606329277427,0.3792371348280117,0.3792371348280117
1,SPVEGSPAKPEDYPHFMSVAHEQALKSLSEGGIPIGAALVHGPTSRIISRGHNNRVQLSSNVRHGEMDCL,43,G,2.1594767308608844,0.10549366317286069,0.10549366317286113,2.293875718990856,0.1988705448094179,0.1988705448094179
1,SPVEGSPAKPEDYPHFMSVAHEQALKSLSEGGIPIGAALVHLCTSRIISRGHNNRVQLSSNVRHGEMDCL,44,C,1.3472605726864748,0.838332474800565,0.8383324748005652,0.3266700802971062,1.081228492969335,1.081228492969335
1,SPVEGSPAKPEDYPHFMSVAHEQALKSLSEGGIPIGAALVHLNTSRIISRGHNNRVQLSSNVRHGEMDCL,44,N,-0.33250327639063487,0.30703566544161326,0.3070356654416133,-1.1030937687800035,0.16256831638961655,0.16256831638961666
1,SPVEGSPAKPEDYPHFMSVAHEQALKSLSEGGIPIGAALVHLP*SRIISRGHNNRVQLSSNVRHGEMDCL,45,*,2.338754344456009,0.42329543980627093,0.42329543980627093,3.2344265610564156,0.20145581062656337,0.20145581062656293
1,SPVEGSPAKPEDYPHFMSVAHEQALKSLSEGGIPIGAALVHLPASRIISRGHNNRVQLSSNVRHGEMDCL,45,A,0.7575560865555746,0.7071039818312301,0.7071039818312301,0.368482797083103,0.19714281215745091,0.19714281215745094
1,SPVEGSPAKPEDYPHFMSVAHEQALKSLSEGGIPIGAALVHLPCSRIISRGHNNRVQLSSNVRHGEMDCL,45,C,0.9752353323193331,0.3473928532841626,0.3473928532841625,0.0452873597761414,0.39854207746425135,0.39854207746425135
1,SPVEGSPAKPEDYPHFMSVAHEQALKSLSEGGIPIGAALVHLPISRIISRGHNNRVQLSSNVRHGEMDCL,45,I,2.45483189093092,0.4974044701655931,0.4974044701655931,3.3484768689186186,0.3785916738473034,0.3785916738473034
1,SPVEGSPAKPEDYPHFMSVAHEQALKSLSEGGIPIGAALVHLPLSRIISRGHNNRVQLSSNVRHGEMDCL,45,L,0.8415776260265799,0.11033568228666124,0.11033568228666135,0.8837893762464625,0.2491859495251828,0.2491859495251828
1,SPVEGSPAKPEDYPHFMSVAHEQALKSLSEGGIPIGAALVHLPMSRIISRGHNNRVQLSSNVRHGEMDCL,45,M,-0.8193864214171012,1.2176974772427316,1.2176974772427314,-1.458459710889573,0.1201776503400045,0.1201776503400045
1,SPVEGSPAKPEDYPHFMSVAHEQALKSLSEGGIPIGAALVHLPTFRIISRGHNNRVQLSSNVRHGEMDCL,46,F,2.2774407778018766,0.21321352514724357,0.21321352514724312,2.969953334673244,0.2199525488750962,0.21995254887509574
1,SPVEGSPAKPEDYPHFMSVAHEQALKSLSEGGIPIGAALVHLPTLRIISRGHNNRVQLSSNVRHGEMDCL,46,L,2.4998091634346538,0.38153002918125667,0.38153002918125667,2.6649494334109365,0.22023387146258244,0.22023387146258244
1,SPVEGSPAKPEDYPHFMSVAHEQALKSLSEGGIPIGAALVHLPTS*IISRGHNNRVQLSSNVRHGEMDCL,47,*,1.615795938374601,0.21386027753165782,0.21386027753165804,2.866115533832546,0.29423607604275315,0.2942360760427536
1,SPVEGSPAKPEDYPHFMSVAHEQALKSLSEGGIPIGAALVHLPTSFIISRGHNNRVQLSSNVRHGEMDCL,47,F,-0.0025987928405944993,0.19272436975083607,0.19272436975083607,-1.0231892852299633,0.3172367999229435,0.3172367999229434
1,SPVEGSPAKPEDYPHFMSVAHEQALKSLSEGGIPIGAALVHLPTSLIISRGHNNRVQLSSNVRHGEMDCL,47,L,-0.1285240425003778,0.029035740637112006,0.02903574063711202,-0.131517202916897,5.551115123125783e-17,5.551115123125783e-17
1,SPVEGSPAKPEDYPHFMSVAHEQALKSLSEGGIPIGAALVHLPTSRGISRGHNNRVQLSSNVRHGEMDCL,48,G,2.751269383081919,0.32958276215384164,0.3295827621538412,3.207574982137201,0.3357079230948594,0.335707923094859
1,SPVEGSPAKPEDYPHFMSVAHEQALKSLSEGGIPIGAALVHLPTSRIIGRGHNNRVQLSSNVRHGEMDCL,50,G,-0.07345987325226377,0.19105005797175967,0.19105005797175964,-1.176991613693994,0.03751368544685585,0.03751368544685585
1,SPVEGSPAKPEDYPHFMSVAHEQALKSLSEGGIPIGAALVHLPTSRIIMRGHNNRVQLSSNVRHGEMDCL,50,M,0.07632026767719025,0.333341191854741,0.3333411918547409,-1.3552342721558597,0.02211348354297682,0.02211348354297682
1,SPVEGSPAKPEDYPHFMSVAHEQALKSLSEGGIPIGAALVHLPTSRIISCGHNNRVQLSSNVRHGEMDCL,51,C,-0.31276544104192955,0.2375,0.23749999999999993,-0.6871153082510091,0.42218179993259364,0.4221817999325935
1,SPVEGSPAKPEDYPHFMSVAHEQALKSLSEGGIPIGAALVHLPTSRIISGGHNNRVQLSSNVRHGEMDCL,51,G,-0.5905232691391153,0.3429936631728606,0.3429936631728607,-0.8509532654041475,0.02211348354297693,0.02211348354297693
1,SPVEGSPAKPEDYPHFMSVAHEQALKSLSEGGIPIGAALVHLPTSRIISR*HNNRVQLSSNVRHGEMDCL,52,*,2.747313141291498,0.3053666895542957,0.3053666895542957,3.4767226489021295,0.10282785922807536,0.10282785922807536
1,SPVEGSPAKPEDYPHFMSVAHEQALKSLSEGGIPIGAALVHLPTSRIISRDHNNRVQLSSNVRHGEMDCL,52,D,2.2371526451671615,0.6208508510154096,0.62085085101541,3.240543257777427,0.3886077138454018,0.3886077138454018
1,SPVEGSPAKPEDYPHFMSVAHEQALKSLSEGGIPIGAALVHLPTSRIISRGCNNRVQLSSNVRHGEMDCL,53,C,0.021256098429076054,0.8153278592280752,0.8153278592280752,-0.9993343939602928,0.10822387739684514,0.10822387739684503
1,SPVEGSPAKPEDYPHFMSVAHEQALKSLSEGGIPIGAALVHLPTSRIISRGH*NRVQLSSNVRHGEMDCL,54,*,1.8860801290559523,0.3487413937586201,0.34874139375862034,2.963725044635658,0.2652655268454076,0.26526552684540716
1,SPVEGSPAKPEDYPHFMSVAHEQALKSLSEGGIPIGAALVHLPTSRIISRGHN*RVQLSSNVRHGEMDCL,55,*,2.4302924801079273,0.059561424635707017,0.05956142463570657,3.0955891326375964,0.1576795375025446,0.15767953750254504
1,SPVEGSPAKPEDYPHFMSVAHEQALKSLSEGGIPIGAALVHLPTSRIISRGHNCRVQLSSNVRHGEMDCL,55,C,-0.18382760003516962,0.2985815159075629,0.2985815159075629,-0.8229008895076414,0.293185497738793,0.293185497738793
1,SPVEGSPAKPEDYPHFMSVAHEQALKSLSEGGIPIGAALVHLPTSRIISRGHNERVQLSSNVRHGEMDCL,55,E,-1.047135169902415,0.292705945425088,0.292705945425088,-1.0252444119312054,0.17689803640614188,0.1768980364061422
1,SPVEGSPAKPEDYPHFMSVAHEQALKSLSEGGIPIGAALVHLPTSRIISRGHNFRVQLSSNVRHGEMDCL,55,F,2.9148952415754774,0.11606671531073687,0.11606671531073642,3.1258046038251646,0.6510890647730085,0.6510890647730085
1,SPVEGSPAKPEDYPHFMSVAHEQALKSLSEGGIPIGAALVHLPTSRIISRGHNGRVQLSSNVRHGEMDCL,55,G,0.13459281247315613,0.08185394070451839,0.08185394070451837,-1.0388563579367993,0.028400633741259895,0.028400633741259895
1,SPVEGSPAKPEDYPHFMSVAHEQALKSLSEGGIPIGAALVHLPTSRIISRGHNKRVQLSSNVRHGEMDCL,55,K,-0.5152476574722872,1.0366867439850718,1.0366867439850715,-0.05911550095952611,0.21596286658822644,0.21596286658822642
1,SPVEGSPAKPEDYPHFMSVAHEQALKSLSEGGIPIGAALVHLPTSRIISRGHNLRVQLSSNVRHGEMDCL,55,L,-0.6199701136658996,0.13200633682713936,0.13200633682713941,-0.5408746830707201,0.0861103938538682,0.08611039385386826
1,SPVEGSPAKPEDYPHFMSVAHEQALKSLSEGGIPIGAALVHLPTSRIISRGHNN*VQLSSNVRHGEMDCL,56,*,2.1365342563626806,0.07874491753402602,0.07874491753402557,2.747006839583481,0.28457046948164644,0.2845704694816469
1,SPVEGSPAKPEDYPHFMSVAHEQALKSLSEGGIPIGAALVHLPTSRIISRGHNNGVQLSSNVRHGEMDCL,56,G,2.277171743662345,0.26458337027093215,0.2645833702709317,3.083272593664316,0.04639201960866002,0.04639201960866046
1,SPVEGSPAKPEDYPHFMSVAHEQALKSLSEGGIPIGAALVHLPTSRIISRGHNNLVQLSSNVRHGEMDCL,56,L,0.7296790077513271,0.23750000000000004,0.23750000000000004,-0.16383795715313865,0.030704716524429604,0.030704716524429604
1,SPVEGSPAKPEDYPHFMSVAHEQALKSLSEGGIPIGAALVHLPTSRIISRGHNNRCQLSSNVRHGEMDCL,57,C,-0.713486543221534,0.1346721407719249,0.1346721407719249,-1.0878364104306137,0.03070471652442941,0.03070471652442941
1,SPVEGSPAKPEDYPHFMSVAHEQALKSLSEGGIPIGAALVHLPTSRIISRGHNNREQLSSNVRHGEMDCL,57,E,-0.6792299129911121,0.15486821543767726,0.15486821543767726,-1.0535797802001916,0.24804360334763254,0.24804360334763265
1,SPVEGSPAKPEDYPHFMSVAHEQALKSLSEGGIPIGAALVHLPTSRIISRGHNNRHQLSSNVRHGEMDCL,57,H,-1.0496485860683955,0.05974045716154164,0.05974045716154153,-0.527757828097186,0.05434443899277164,0.05434443899277147
1,SPVEGSPAKPEDYPHFMSVAHEQALKSLSEGGIPIGAALVHLPTSRIISRGHNNRLQLSSNVRHGEMDCL,57,L,0.20869106316821218,0.11709700267902778,0.11709700267902778,0.32600154672252507,0.0403571878425491,0.0403571878425491
1,SPVEGSPAKPEDYPHFMSVAHEQALKSLSEGGIPIGAALVHLPTSRIISRGHNNRMQLSSNVRHGEMDCL,57,M,-2.1653252737359354,0.1555033223335296,0.15550332233353004,-1.6434345157647257,0.15010730416475937,0.15010730416475937
1,SPVEGSPAKPEDYPHFMSVAHEQALKSLSEGGIPIGAALVHLPTSRIISRGHNNRV*LSSNVRHGEMDCL,58,*,1.8121307814997958,0.31192444432868527,0.31192444432868527,2.4269548121266724,0.4056070715203388,0.4056070715203388
1,SPVEGSPAKPEDYPHFMSVAHEQALKSLSEGGIPIGAALVHLPTSRIISRGHNNRVKLSSNVRHGEMDCL,58,K,2.115795938374601,0.29457465321675613,0.29457465321675613,2.706107108854136,0.08205543443111996,0.08205543443111996
1,SPVEGSPAKPEDYPHFMSVAHEQALKSLSEGGIPIGAALVHLPTSRIISRGHNNRVQFSSNVRHGEMDCL,59,F,-0.5699077290911222,0.6012660879698161,0.6012660879698161,-0.6284989948417534,0.04441214726529774,0.04441214726529774
1,SPVEGSPAKPEDYPHFMSVAHEQALKSLSEGGIPIGAALVHLPTSRIISRGHNNRVQGSSNVRHGEMDCL,59,G,0.434510898682247,0.5973538655090199,0.5973538655090198,-0.4472758043753453,0.21925629570042793,0.21925629570042787
1,SPVEGSPAKPEDYPHFMSVAHEQALKSLSEGGIPIGAALVHLPTSRIISRGHNNRVQLFSNVRHGEMDCL,60,F,0.61942083079838,0.6201024559478491,0.620102455947849,-0.26965245867409177,0.38799847411661886,0.3879984741166188
1,SPVEGSPAKPEDYPHFMSVAHEQALKSLSEGGIPIGAALVHLPTSRIISRGHNNRVQLKSNVRHGEMDCL,60,K,-1.1265057173664572,0.11166752519943501,0.11166752519943479,-1.500855584575537,0.007700100951939515,0.007700100951939515
1,SPVEGSPAKPEDYPHFMSVAHEQALKSLSEGGIPIGAALVHLPTSRIISRGHNNRVQLLSNVRHGEMDCL,60,L,-0.08036277301477907,0.841776122603155,0.841776122603155,-0.3509532654041476,0.08352291659183603,0.08352291659183603
1,SPVEGSPAKPEDYPHFMSVAHEQALKSLSEGGIPIGAALVHLPTSRIISRGHNNRVQLSSFVRHGEMDCL,62,F,0.3845928124731559,0.1222111285470675,0.1222111285470675,-0.5702390784577642,0.18315556100722852,0.18315556100722852
1,SPVEGSPAKPEDYPHFMSVAHEQALKSLSEGGIPIGAALVHLPTSRIISRGHNNRVQLSSLVRHGEMDCL,62,L,-0.803633972035651,0.24617489555596472,0.2461748955559646,-0.6066332845291685,0.06786668955429587,0.06786668955429587
1,SPVEGSPAKPEDYPHFMSVAHEQALKSLSEGGIPIGAALVHLPTSRIISRGHNNRVQLSSN*RHGEMDCL,63,*,2.1414693783747114,0.11749561648857121,0.11749561648857121,2.731390911133935,0.23048318631646403,0.23048318631646403
1,SPVEGSPAKPEDYPHFMSVAHEQALKSLSEGGIPIGAALVHLPTSRIISRGHNNRVQLSSNFRHGEMDCL,63,F,0.15520835252114928,0.723619953478836,0.723619953478836,-0.29962353840977096,0.5539866430331318,0.5539866430331318
1,SPVEGSPAKPEDYPHFMSVAHEQALKSLSEGGIPIGAALVHLPTSRIISRGHNNRVQLSSNTRHGEMDCL,63,T,-0.23442392069594464,0.07156914364867667,0.0715691436486767,-1.0454744107770972,0.08742765732419588,0.087427657324196
1,SPVEGSPAKPEDYPHFMSVAHEQALKSLSEGGIPIGAALVHLPTSRIISRGHNNRVQLSSNV*HGEMDCL,64,*,2.852761532540807,0.04469196767465178,0.04469196767465222,3.360079117682259,0.17502932861447373,0.17502932861447373
1,SPVEGSPAKPEDYPHFMSVAHEQALKSLSEGGIPIGAALVHLPTSRIISRGHNNRVQLSSNVCHGEMDCL,64,C,-0.4210052928609559,0.09590560213394017,0.09590560213394012,-1.3758371837918761,0.19866905108281596,0.19866905108281596
1,SPVEGSPAKPEDYPHFMSVAHEQALKSLSEGGIPIGAALVHLPTSRIISRGHNNRVQLSSNVFHGEMDCL,64,F,0.4372345589580704,0.2778571878425492,0.2778571878425492,-0.9138379571531388,0.08185394070451835,0.08185394070451846
1,SPVEGSPAKPEDYPHFMSVAHEQALKSLSEGGIPIGAALVHLPTSRIISRGHNNRVQLSSNVIHGEMDCL,64,I,0.3993162347365481,0.16963331044570418,0.16963331044570418,-0.17699161369399408,0.912486314553144,0.912486314553144
1,SPVEGSPAKPEDYPHFMSVAHEQALKSLSEGGIPIGAALVHLPTSRIISRGHNNRVQLSSNVLHGEMDCL,64,L,0.40787016357102635,0.45561673068100755,0.4556167306810075,-0.04248125036057809,0.4346428121574508,0.43464281215745076
1,SPVEGSPAKPEDYPHFMSVAHEQALKSLSEGGIPIGAALVHLPTSRIISRGHNNRVQLSSNVRH*EMDCL,66,*,2.7222928000417004,0.24068207956969623,0.24068207956969623,3.758190746097708,0.2509682135842093,0.2509682135842093
1,SPVEGSPAKPEDYPHFMSVAHEQALKSLSEGGIPIGAALVHLPTSRIISRGHNNRVQLSSNVRHG*MDCL,67,*,2.6870981360960013,0.24068207956969623,0.24068207956969623,3.4709748294832146,0.391477083408164,0.391477083408164
1,SPVEGSPAKPEDYPHFMSVAHEQALKSLSEGGIPIGAALVHLPTSRIISRGHNNRVQLSSNVRHGEMDCG,71,G,3.0044784447223294,0.44790424910099436,0.44790424910099436,3.43037161035247,0.33043381071423683,0.3304338107142364
1,SPVEGSPAKPEDYPHFMSVAHEQALKSLSEGGIPIGAALVHLPTSRIISRGHNNRVQLSSNVRHGEMDVL,70,V,-0.6564011213046255,0.1611553656359601,0.16115536563596006,-0.5139724395490708,0.039466055813036305,0.039466055813036194
1,SPVEGSPAKPEDYPHFMSVAHEQALKSLSEGGIPIGAALVHLPTSRIISRGHNNRVQLSSNVRHGEMFCL,69,F,2.6948365006736106,0.12695627574405943,0.12695627574405988,3.2171396929495932,0.17175045122727894,0.1717504512272794
1,SPVEGSPAKPEDYPHFMSVAHEQALKSLSEGGIPIGAALVHLPTSRIISRGHNNRVQLSSNVRHGEMGCL,69,G,2.5285756970921986,0.12836652137271987,0.12836652137271987,3.0964556162498242,0.21419885470566102,0.21419885470566102
1,SPVEGSPAKPEDYPHFMSVAHEQALKSLSEGGIPIGAALVHLPTSRIISRGHNNRVQLSSNVRHGEMSCL,69,S,0.4196372269852209,0.583223877396845,0.583223877396845,-0.23975705473592335,0.02211348354297704,0.022113483542977014
1,SPVEGSPAKPEDYPHFMSVAHEQALKSLSEGGIPIGAALVHLPTSRIISRGHNNRVQLSSNVRHGENDCL,68,N,-0.9538164261805192,0.08284921170157145,0.08284921170157145,-1.3281662933895988,0.18681663594906683,0.1868166359490666
1,SPVEGSPAKPEDYPHFMSVAHEQALKSLSEGGIPIGAALVHLPTSRIISRGHNNRVQLSSNVRHGFMDCL,67,F,2.019942970985384,0.3873503176738926,0.3873503176738926,3.3990445536575624,0.19102620471739318,0.19102620471739273
1,SPVEGSPAKPEDYPHFMSVAHEQALKSLSEGGIPIGAALVHLPTSRIISRGHNNRVQLSSNVRHGGMDCL,67,G,2.4937706980074594,0.007700100951939515,0.007700100951939515,3.1063039758248463,0.1452157441195574,0.14521574411955696
1,SPVEGSPAKPEDYPHFMSVAHEQALKSLSEGGIPIGAALVHLPTSRIISRGHNNRVQLSSNVRHLEMDCL,66,L,3.1956094285218604,0.23132613797342527,0.23132613797342527,3.2816940403335977,0.18808571904684257,0.18808571904684257
1,SPVEGSPAKPEDYPHFMSVAHEQALKSLSEGGIPIGAALVHLPTSRIISRGHNNRVQLSSNVRHVEMDCL,66,V,2.9011640448628215,0.04183922172827215,0.0418392217282717,3.5804820237218404,0.3332279036830328,0.33322790368303234
1,SPVEGSPAKPEDYPHFMSVAHEQALKSLSEGGIPIGAALVHLPTSRIISRGHNNRVQLSSNVRLGEMDCL,65,L,2.7190213771083145,0.028606828038167276,0.028606828038167276,3.4244201272874744,0.2526912264488419,0.25269122644884146
1,SPVEGSPAKPEDYPHFMSVAHEQALKSLSEGGIPIGAALVHLPTSRIISRGHNNRVQLSSNVRMGEMDCL,65,M,2.504599727706377,0.4140555675398394,0.4140555675398394,3.753773417410327,0.12281842487740713,0.12281842487740713
1,SPVEGSPAKPEDYPHFMSVAHEQALKSLSEGGIPIGAALVHLPTSRIISRGHNNRVQLSSNVRRGEMDCL,65,R,2.247313141291498,0.386081065239394,0.3860810652393938,3.333845407735191,0.15010730416475937,0.15010730416475937
1,SPVEGSPAKPEDYPHFMSVAHEQALKSLSEGGIPIGAALVHLPTSRIISRGHNNRVQLSSNVVHGEMDCL,64,V,2.2706729415291083,0.5224221818986363,0.5224221818986368,3.206684649025936,0.5037668978832559,0.5037668978832563
1,SPVEGSPAKPEDYPHFMSVAHEQALKSLSEGGIPIGAALVHLPTSRIISRGHNNRVQLSSNVYHGEMDCL,64,Y,-0.8421298364289737,0.3818246120900445,0.3818246120900444,-0.820239078457764,0.09857140607872561,0.09857140607872561
1,SPVEGSPAKPEDYPHFMSVAHEQALKSLSEGGIPIGAALVHLPTSRIISRGHNNRVQLSSYVRHGEMDCL,62,Y,0.5677227347569095,0.17124321194558134,0.17124321194558134,-0.05662713245217005,0.5019185998555369,0.5019185998555369
1,SPVEGSPAKPEDYPHFMSVAHEQALKSLSEGGIPIGAALVHLPTSRIISRGHNNRVQYSSNVRHGEMDCL,59,Y,-0.7910946572339173,1.2445746532167563,1.244574653216756,0.5232773510978701,0.452886516457023,0.45288651645702305
1,SPVEGSPAKPEDYPHFMSVAHEQALKSLSEGGIPIGAALVHLPTSRIISRGHNNRVVLSSNVRHGEMDCL,58,V,2.6380442623544136,0.23149090838882103,0.23149090838882103,3.273940267944284,0.3745598861296062,0.37455988612960667
1,SPVEGSPAKPEDYPHFMSVAHEQALKSLSEGGIPIGAALVHLPTSRIISRGHNNVVQLSSNVRHGEMDCL,56,V,2.6674086577414577,0.19069089154377306,0.1906908915437726,2.5663361416302486,0.04566954343680729,0.04566954343680729
1,SPVEGSPAKPEDYPHFMSVAHEQALKSLSEGGIPIGAALVHLPTSRIISRGHNNYVQLSSNVRHGEMDCL,56,Y,2.8551619444297973,0.11951383339576971,0.11951383339577015,3.439299415712667,0.04141309028745699,0.04141309028745743
1,SPVEGSPAKPEDYPHFMSVAHEQALKSLSEGGIPIGAALVHLPTSRIISRGHNRRVQLSSNVRHGEMDCL,55,R,-0.337649359429658,0.16963331044570418,0.16963331044570418,0.18424139854155153,0.17502932861447396,0.17502932861447396
1,SPVEGSPAKPEDYPHFMSVAHEQALKSLSEGGIPIGAALVHLPTSRIISRGHNVRVQLSSNVRHGEMDCL,55,V,-0.19987459721593986,0.3273965105227607,0.3273965105227607,-0.5935164295556344,0.3139579225357485,0.3139579225357485
1,SPVEGSPAKPEDYPHFMSVAHEQALKSLSEGGIPIGAALVHLPTSRIISRGHNYRVQLSSNVRHGEMDCL,55,Y,1.4511701969398199,0.15202471304198406,0.15202471304198384,1.1498655176040677,0.3480279601800148,0.3480279601800149
1,SPVEGSPAKPEDYPHFMSVAHEQALKSLSEGGIPIGAALVHLPTSRIISRLHNNRVQLSSNVRHGEMDCL,52,L,2.6041460784261647,0.6583313145788978,0.6583313145788976,2.8301567505055463,0.09932363485991269,0.09932363485991269
1,SPVEGSPAKPEDYPHFMSVAHEQALKSLSEGGIPIGAALVHLPTSRIISRVHNNRVQLSSNVRHGEMDCL,52,V,2.0146983746047677,0.2291885874279016,0.22918858742790116,2.7953225801033237,0.009875037140957499,0.009875037140957055
1,SPVEGSPAKPEDYPHFMSVAHEQALKSLSEGGIPIGAALVHLPTSRIISSGHNNRVQLSSNVRHGEMDCL,51,S,-0.15340796088810643,0.3166881367597331,0.3166881367597331,-0.26759733197284963,0.2984444324601607,0.2984444324601607
1,SPVEGSPAKPEDYPHFMSVAHEQALKSLSEGGIPIGAALVHLPTSRIISVGHNNRVQLSSNVRHGEMDCL,51,V,0.31324225775759396,0.14271471059016708,0.1427147105901671,-1.1850969831170883,0.12310226057658058,0.12310226057658036
1,SPVEGSPAKPEDYPHFMSVAHEQALKSLSEGGIPIGAALVHLPTSRIISWGHNNRVQLSSNVRHGEMDCL,51,W,-1.0746149535958642,0.1361983796972901,0.13619837969728998,-2.1376866963458108,0.13080236152852054,0.1308023615285201
1,SPVEGSPAKPEDYPHFMSVAHEQALKSLSEGGIPIGAALVHLPTSRIIWRGHNNRVQLSSNVRHGEMDCL,50,W,1.9842787354577043,0.1696333104457044,0.1696333104457044,2.1559496343583677,0.507738194731493,0.507738194731493
1,SPVEGSPAKPEDYPHFMSVAHEQALKSLSEGGIPIGAALVHLPTSRIIYRGHNNRVQLSSNVRHGEMDCL,50,Y,2.2112981130974445,0.47319186877390496,0.47319186877390473,2.9340895678677783,0.19444354890184234,0.19444354890184234
1,SPVEGSPAKPEDYPHFMSVAHEQALKSLSEGGIPIGAALVHLPTSRIVSRGHNNRVQLSSNVRHGEMDCL,49,V,-0.5903111704795352,0.059603373714139596,0.059603373714139596,-0.8677318143687818,0.09768027404921242,0.09768027404921242
1,SPVEGSPAKPEDYPHFMSVAHEQALKSLSEGGIPIGAALVHLPTSRNISRGHNNRVQLSSNVRHGEMDCL,48,N,1.5840818684869946,0.6855537131764701,0.6855537131764704,2.425687469707073,0.5293444389927717,0.529344438992772
1,SPVEGSPAKPEDYPHFMSVAHEQALKSLSEGGIPIGAALVHLPTSRVISRGHNNRVQLSSNVRHGEMDCL,48,V,-0.8858458492424391,0.1205756119705731,0.1205756119705731,-1.2406950884512005,0.19522540328022608,0.19522540328022608
1,SPVEGSPAKPEDYPHFMSVAHEQALKSLSEGGIPIGAALVHLPTSRYISRGHNNRVQLSSNVRHGEMDCL,48,Y,2.4417974850971262,0.023639722468342228,0.023639722468342228,2.8461434797005096,0.2797745967197738,0.2797745967197738
1,SPVEGSPAKPEDYPHFMSVAHEQALKSLSEGGIPIGAALVHLPTSSIISRGHNNRVQLSSNVRHGEMDCL,47,S,0.2383521872928669,0.01671746537420704,0.01671746537420704,-0.5322383050965016,0.29997067138552636,0.29997067138552636
1,SPVEGSPAKPEDYPHFMSVAHEQALKSLSEGGIPIGAALVHLPTVRIISRGHNNRVQLSSNVRHGEMDCL,46,V,2.4605430948950953,0.037710636193076574,0.037710636193076574,2.877809192593954,0.13497907843602874,0.13497907843602874
1,SPVEGSPAKPEDYPHFMSVAHEQALKSLSEGGIPIGAALVHLPTYRIISRGHNNRVQLSSNVRHGEMDCL,46,Y,1.7768480516861898,0.4109194271145966,0.41091942711459684,2.6943109012631066,0.006757486678739877,0.006757486678740321
1,SPVEGSPAKPEDYPHFMSVAHEQALKSLSEGGIPIGAALVHLPVSRIISRGHNNRVQLSSNVRHGEMDCL,45,V,0.5935988786953744,0.2611397224683422,0.26113972246834216,-0.6112330122355456,0.31821437568509825,0.31821437568509836
1,SPVEGSPAKPEDYPHFMSVAHEQALKSLSEGGIPIGAALVHLPWSRIISRGHNNRVQLSSNVRHGEMDCL,45,W,2.5534184228706276,0.5141876798939262,0.5141876798939262,3.067510753316328,0.07366260051260687,0.07366260051260731
1,SPVEGSPAKPEDYPHFMSVAHEQALKSLSEGGIPIGAALVHLRTSRIISRGHNNRVQLSSNVRHGEMDCL,44,R,-0.963486543221534,0.17502932861447418,0.1750293286144743,-0.4415957852503246,0.16963331044570418,0.16963331044570418
1,SPVEGSPAKPEDYPHFMSVAHEQALKSLSEGGIPIGAALVILPTSRIISRGHNNRVQLSSNVRHGEMDCL,42,I,2.3847721549524468,0.23240397184867856,0.23240397184867856,3.3137668444991997,0.07462304936558306,0.07462304936558262
1,SPVEGSPAKPEDYPHFMSVAHEQALKSLSEGGIPIGAALVLLPTSRIISRGHNNRVQLSSNVRHGEMDCL,42,L,2.44242419899977,0.19221265411783595,0.19221265411783595,3.1236724371248026,0.05529161325788268,0.05529161325788268
1,SPVEGSPAKPEDYPHFMSVAHEQALKSLSEGGIPIGAALVRLPTSRIISRGHNNRVQLSSNVRHGEMDCL,42,R,2.8997826251810954,0.11111875824916018,0.11111875824916018,3.468095093547047,0.0967765351739307,0.0967765351739307
1,SPVEGSPAKPEDYPHFMSVAHEQALKSLSEGGIPIGAALVSLPTSRIISRGHNNRVQLSSNVRHGEMDCL,42,S,2.1669503682767193,0.35890110435843803,0.3589011043584378,2.5794529966037825,0.030156053361219293,0.030156053361219293
1,SPVEGSPAKPEDYPHFMSVAHEQALKSLSEGGIPIGAALVVLPTSRIISRGHNNRVQLSSNVRHGEMDCL,42,V,3.048315740519843,0.04738872258781379,0.04738872258781379,3.5419167591373295,0.1341821305862987,0.13418213058629913
1,SPVEGSPAKPEDYPHFMSVAHEQALKSLSEGGIPIGAALVYLPTSRIISRGHNNRVQLSSNVRHGEMDCL,42,Y,0.22096695397959776,0.033233437021812834,0.033233437021812806,-1.1052216437438829,0.30283796905691274,0.3028379690569125
1,SPVEGSPAKPEDYPHFMSVAHEQALKSLSEGGIPIGAALYHLPTSRIISRGHNNRVQLSSNVRHGEMDCL,41,Y,2.502814210395372,0.18969382156648384,0.18969382156648384,2.966411903344159,0.15138960614613195,0.15138960614613195
1,SPVEGSPAKPEDYPHFMSVAHEQALKSLSEGGIPIGAARVHLPTSRIISRGHNNRVQLSSNVRHGEMDCL,40,R,2.6942549250137824,0.07672405076055355,0.07672405076055355,3.079855309819197,0.2008038870992892,0.20080388709928876
1,SPVEGSPAKPEDYPHFMSVAHEQALKSLSEGGIPIGAASVHLPTSRIISRGHNNRVQLSSNVRHGEMDCL,40,S,2.5215285261046456,0.17158568081188408,0.17158568081188408,3.140036370846373,0.06589052391242278,0.06589052391242278
1,SPVEGSPAKPEDYPHFMSVAHEQALKSLSEGGIPIGACLVHLPTSRIISRGHNNRVQLSSNVRHGEMDCL,39,C,-1.5961152223962292,0.04903208339851384,0.04903208339851384,-1.0742244644250196,0.04363606522974384,0.04363606522974384
1,SPVEGSPAKPEDYPHFMSVAHEQALKSLSEGGIPIGAFLVHLPTSRIISRGHNNRVQLSSNVRHGEMDCL,39,F,2.437726214200254,0.007642846365423228,0.007642846365423228,3.2793318154203326,0.12618290823755718,0.12618290823755718
1,SPVEGSPAKPEDYPHFMSVAHEQALKSLSEGGIPIGAGLVHLPTSRIISRGHNNRVQLSSNVRHGEMDCL,39,G,1.9347211427920898,0.25438223578960195,0.2543822357896022,1.3933667154708314,0.6957825346257928,0.6957825346257929
1,SPVEGSPAKPEDYPHFMSVAHEQALKSLSEGGIPIGAILVHLPTSRIISRGHNNRVQLSSNVRHGEMDCL,39,I,-0.3376493594296579,0.4195159959878081,0.41951599598780803,-1.5487458337104834,0.20594946701986938,0.20594946701986938
1,SPVEGSPAKPEDYPHFMSVAHEQALKSLSEGGIPIGALLVHLPTSRIISRGHNNRVQLSSNVRHGEMDCL,39,L,0.323314688014023,0.49171746537420713,0.4917174653742071,-0.13151720291689706,0.32208415492850295,0.32208415492850295
1,SPVEGSPAKPEDYPHFMSVAHEQALKSLSEGGIPIGANLVHLPTSRIISRGHNNRVQLSSNVRHGEMDCL,39,N,1.765661455978669,0.19096895013087645,0.19096895013087645,1.1894728582551886,0.1731119197372495,0.17311191973724926
1,SPVEGSPAKPEDYPHFMSVAHEQALKSLSEGGIPIGARLVHLPTSRIISRGHNNRVQLSSNVRHGEMDCL,39,R,2.6249274073808797,0.1503337037012238,0.1503337037012238,3.618394731215196,0.4646561285567179,0.46465612855671834
1,SPVEGSPAKPEDYPHFMSVAHEQALKSLSEGGIPIGASLVHLPTSRIISRGHNNRVQLSSNVRHGEMDCL,39,S,-0.1534079608881065,0.15831186324026691,0.15831186324026691,-0.10823985181902651,0.022113483542976903,0.022113483542976917
1,SPVEGSPAKPEDYPHFMSVAHEQALKSLSEGGIPIGAVLVHLPTSRIISRGHNNRVQLSSNVRHGEMDCL,39,V,-0.30363397203565085,0.0824670141469277,0.08246701414692773,-0.3084720150435695,0.2596134835429768,0.25961348354297686
1,SPVEGSPAKPEDYPHFMSVAHEQALKSLSEGGIPIGAYLVHLPTSRIISRGHNNRVQLSSNVRHGEMDCL,39,Y,2.2269921490428253,0.01671746537420704,0.01671746537420704,3.2340444556441907,0.10457666397627818,0.10457666397627818
1,SPVEGSPAKPEDYPHFMSVAHEQALKSLSEGGIPIGFALVHLPTSRIISRGHNNRVQLSSNVRHGEMDCL,38,F,2.4480161522568835,0.3946678218695454,0.3946678218695454,3.253570700588319,0.06765350890142763,0.06765350890142763
1,SPVEGSPAKPEDYPHFMSVAHEQALKSLSEGGIPIGVALVHLPTSRIISRGHNNRVQLSSNVRHGEMDCL,38,V,-0.1600260137284043,0.027083370270931995,0.027083370270931995,-0.882455236632174,0.17698169898065397,0.17698169898065397
1,SPVEGSPAKPEDYPHFMSVAHEQALKSLSEGGIPIGWALVHLPTSRIISRGHNNRVQLSSNVRHGEMDCL,38,W,2.4887731270713314,0.15151912422448754,0.151519124224488,3.176094494871226,0.050087985843422,0.050087985843422
1,SPVEGSPAKPEDYPHFMSVAHEQALKSLSEGGIPKGAALVHLPTSRIISRGHNNRVQLSSNVRHGEMDCL,36,K,2.7269313117718332,0.43859025575132105,0.4385902557513206,3.287060050452692,0.14760348947723934,0.14760348947723934
1,SPVEGSPAKPEDYPHFMSVAHEQALKSLSEGGLPIGAALVHLPTSRIISRGHNNRVQLSSNVRHGEMDCL,34,L,-0.211879975931676,0.7168347798321029,0.7168347798321029,-0.5584720150435696,0.1136198955656148,0.1136198955656148
1,SPVEGSPAKPEDYPHFMSVAHEQALKSLSEGGPPIGAALVHLPTSRIISRGHNNRVQLSSNVRHGEMDCL,34,P,2.507556086555575,0.3166881367597334,0.3166881367597334,2.9247494359917967,0.48117386202657464,0.4811738620265742
1,SPVEGSPAKPEDYPHFMSVAHEQALKSLSEGGVPIGAALVHLPTSRIISRGHNNRVQLSSNVRHGEMDCL,34,V,0.1704560099934363,0.46598263557773256,0.4659826355777325,-0.13895403876541018,0.054344438992771665,0.05434443899277165
1,SPVEGSPAKPEDYPHFMSVAHEQALKSLSEGGWPIGAALVHLPTSRIISRGHNNRVQLSSNVRHGEMDCL,34,W,2.358509351959722,0.24183477983210278,0.24183477983210278,3.1006864056239225,0.37160835617046484,0.37160835617046484
1,SPVEGSPAKPEDYPHFMSVAHEQALKSLSELGIPIGAALVHLPTSRIISRGHNNRVQLSSNVRHGEMDCL,32,L,0.35469740853498777,0.5215310498691236,0.5215310498691236,-0.26759733197284963,0.2984444324601607,0.2984444324601607
1,SPVEGSPAKPEDYPHFMSVAHEQALKSLSEVGIPIGAALVHLPTSRIISRGHNNRVQLSSNVRHGEMDCL,32,V,1.1390732894724716,0.31668813675973306,0.3166881367597332,1.090724968985917,0.05821421823617623,0.05821421823617623
1,SPVEGSPAKPEDYPHFMSVAHEQALKSMSEGGIPIGAALVHLPTSRIISRGHNNRVQLSSNVRHGEMDCL,29,M,-0.8100785823334276,1.1319810344988526,1.1319810344988526,-1.288187824362218,0.18737705266762283,0.18737705266762283
1,SPVEGSPAKPEDYPHFMSVAHEQALKSVSEGGIPIGAALVHLPTSRIISRGHNNRVQLSSNVRHGEMDCL,29,V,-0.07292593716626589,0.5568539407045185,0.5568539407045184,0.052724195624654524,0.175029328614474,0.17502932861447398
1,SPVEGSPAKPEDYPHFMSVAHEQALKVLSEGGIPIGAALVHLPTSRIISRGHNNRVQLSSNVRHGEMDCL,28,V,2.4233561053184256,0.04115903325810777,0.04115903325810777,3.216562152777793,0.17058376895310934,0.17058376895310978
1,SPVEGSPAKPEDYPHFMSVAHEQAVKSLSEGGIPIGAALVHLPTSRIISRGHNNRVQLSSNVRHGEMDCL,26,V,-0.2858631975202804,0.343771507030665,0.343771507030665,-1.1288303442083951,0.3014969103108913,0.3014969103108912
1,SPVEGSPAKPEDYPHFMSVAHEQCLKSLSEGGIPIGAALVHLPTSRIISRGHNNRVQLSSNVRHGEMDCL,25,C,0.7833468538194257,0.4414002988361909,0.4414002988361909,-0.23724363856994274,0.673504280667421,0.673504280667421
1,SPVEGSPAKPEDYPHFMSVAHEQDLKSLSEGGIPIGAALVHLPTSRIISRGHNNRVQLSSNVRHGEMDCL,25,D,2.569329302046768,0.10814021482233338,0.10814021482233338,3.1658099659552166,0.2677931368086215,0.26779313680862193
1,SPVEGSPAKPEDYPHFMSVAHEQELKSLSEGGIPIGAALVHLPTSRIISRGHNNRVQLSSNVRHGEMDCL,25,E,2.650171819312085,0.2619175663261468,0.2619175663261468,3.110289361792102,0.011486217620832573,0.011486217620832129
1,SPVEGSPAKPEDYPHFMSVAHEQFLKSLSEGGIPIGAALVHLPTSRIISRGHNNRVQLSSNVRHGEMDCL,25,F,2.6227995324170004,0.8957089818801185,0.895708981880118,3.6068607364748444,0.7487384873588385,0.7487384873588385
1,SPVEGSPAKPEDYPHFMSVAHEQGLKSLSEGGIPIGAALVHLPTSRIISRGHNNRVQLSSNVRHGEMDCL,25,G,0.5496350237007382,0.24327821572341335,0.24327821572341335,-0.5991083828127481,0.16635443305850928,0.16635443305850928
1,SPVEGSPAKPEDYPHFMSVAHEQLLKSLSEGGIPIGAALVHLPTSRIISRGHNNRVQLSSNVRHGEMDCL,25,L,3.1053408944509444,0.46248023101049407,0.46248023101049407,3.2683232670285465,0.33830359685426004,0.3383035968542596
1,SPVEGSPAKPEDYPHFMSVAHEQMLKSLSEGGIPIGAALVHLPTSRIISRGHNNRVQLSSNVRHGEMDCL,25,M,0.12715597662464295,0.12235386550901978,0.12235386550901978,-1.5119173128478287,0.025165961393707414,0.025165961393707414
1,SPVEGSPAKPEDYPHFMSVAHEQVLKSLSEGGIPIGAALVHLPTSRIISRGHNNRVQLSSNVRHGEMDCL,25,V,2.3832430209138167,0.09857140607872594,0.09857140607872594,2.789607340651121,0.3404411473997837,0.3404411473997837
1,SPVEGSPAKPEDYPHFMSVAHEQWLKSLSEGGIPIGAALVHLPTSRIISRGHNNRVQLSSNVRHGEMDCL,25,W,2.7892289366932332,0.060604427419982176,0.060604427419982176,2.7376990004998074,0.24918594952518314,0.2491859495251827
1,SPVEGSPAKPEDYPHFMSVAHERALKSLSEGGIPIGAALVHLPTSRIISRGHNNRVQLSSNVRHGEMDCL,24,R,0.4204560099934362,0.29379680935895164,0.29379680935895164,0.18424139854155142,0.022113483542976903,0.022113483542976903
1,SPVEGSPAKPEDYPHFMSVAHEWALKSLSEGGIPIGAALVHLPTSRIISRGHNNRVQLSSNVRHGEMDCL,24,W,-0.47515288317959287,1.1196333104457041,1.119633310445704,-1.1142261726520646,0.02211348354297704,0.02211348354297704
1,SPVEGSPAKPEDYPHFMSVAHGQALKSLSEGGIPIGAALVHLPTSRIISRGHNNRVQLSSNVRHGEMDCL,23,G,-0.7201045960618317,0.5771927523322229,0.5771927523322228,-0.8926157327565103,0.2922705704335864,0.2922705704335865
1,SPVEGSPAKPEDYPHFMSVAHKQALKSLSEGGIPIGAALVHLPTSRIISRGHNNRVQLSSNVRHGEMDCL,23,K,0.2677165826799111,1.1583215224009358,1.1583215224009358,-0.0028739097094573895,0.4000683163896166,0.4000683163896166
1,SPVEGSPAKPEDYPHFMSVSHEQALKSLSEGGIPIGAALVHLPTSRIISRGHNNRVQLSSNVRHGEMDCL,21,S,-0.1534079608881066,0.038830948917183944,0.03883094891718396,0.2880007733612624,0.12068488962170235,0.12068488962170232
1,SPVEGSPAKPEDYPHFMSYAHEQALKSLSEGGIPIGAALVHLPTSRIISRGHNNRVQLSSNVRHGEMDCL,20,Y,-0.10524669140250748,0.006922257094135215,0.006922257094135215,-0.47959655861158706,0.10009764500409063,0.10009764500409069
1,SPVEGSPAKPEGYPHFMSVAHEQALKSLSEGGIPIGAALVHLPTSRIISRGHNNRVQLSSNVRHGEMDCL,13,G,0.9037967117358636,0.05974045716154153,0.05974045716154164,-0.7038938572156432,0.12838499057364183,0.12838499057364183
1,SPVEGSPAKPFDYPHFMSVAHEQALKSLSEGGIPIGAALVHLPTSRIISRGHNNRVQLSSNVRHGEMDCL,12,F,-0.43778384182559016,0.3965897070980714,0.39658970709807134,-0.8926157327565102,0.22695639665236744,0.22695639665236744
1,SPVEGSPAKPLDYPHFMSVAHEQALKSLSEGGIPIGAALVHLPTSRIISRGHNNRVQLSSNVRHGEMDCL,12,L,-0.32292593716626583,0.1556460592954816,0.15564605929548161,0.19896482080494354,0.16104207746425153,0.16104207746425153
1,SPVEGSPAKPNDYPHFMSVAHEQALKSLSEGGIPIGAALVHLPTSRIISRGHNNRVQLSSNVRHGEMDCL,12,N,-0.4171683017775971,0.026946286823529897,0.026946286823529897,-0.7915181689866766,0.06622910108642555,0.06622910108642543
1,SPVEGSPAKPTDYPHFMSVAHEQALKSLSEGGIPIGAALVHLPTSRIISRGHNNRVQLSSNVRHGEMDCL,12,T,-0.5803627730147791,0.36677612260315495,0.36677612260315495,-0.46214947607237167,0.02211348354297682,0.02211348354297682
1,SPVEGSPAKPWDYPHFMSVAHEQALKSLSEGGIPIGAALVHLPTSRIISRGHNNRVQLSSNVRHGEMDCL,12,W,-0.8436356802626961,0.7361397224683424,0.7361397224683423,-1.1142261726520646,0.02211348354297704,0.02211348354297704
1,SPVEGSPAKPYDYPHFMSVAHEQALKSLSEGGIPIGAALVHLPTSRIISRGHNNRVQLSSNVRHGEMDCL,12,Y,0.45845678335469875,0.5270403562096018,0.5270403562096018,0.08410691614561933,0.42307293196210655,0.42307293196210655
1,SPVEGSPDKPEDYPHFMSVAHEQALKSLSEGGIPIGAALVHLPTSRIISRGHNNRVQLSSNVRHGEMDCL,9,D,2.5065155741465492,0.2425021336878599,0.2425021336878599,2.256050242721852,0.26128245943029427,0.26128245943029427
1,SPVEGSPEKPEDYPHFMSVAHEQALKSLSEGGIPIGAALVHLPTSRIISRGHNNRVQLSSNVRHGEMDCL,9,E,1.705619675212563,0.4048292276625345,0.40482922766253426,2.197911757983215,0.3270875009672811,0.3270875009672811
1,SPVEGSPFKPEDYPHFMSVAHEQALKSLSEGGIPIGAALVHLPTSRIISRGHNNRVQLSSNVRHGEMDCL,9,F,0.34371812940243607,0.23324354685065002,0.23324354685065007,-0.8758371837918761,0.32361039385386836,0.32361039385386836
1,SPVEGSPGKPEDYPHFMSVAHEQALKSLSEGGIPIGAALVHLPTSRIISRGHNNRVQLSSNVRHGEMDCL,9,G,0.2003514139316045,0.4221817999325937,0.42218179993259364,-1.8349625007211563,0.04035718784254905,0.04035718784254905
1,SPVEGSPIKPEDYPHFMSVAHEQALKSLSEGGIPIGAALVHLPTSRIISRGHNNRVQLSSNVRHGEMDCL,9,I,-0.11719129387743343,0.18294013912626234,0.18294013912626234,-1.4086918741141157,0.0286712383173664,0.0286712383173664
1,SPVEGSPLKPEDYPHFMSVAHEQALKSLSEGGIPIGAALVHLPTSRIISRGHNNRVQLSSNVRHGEMDCL,9,L,-0.4986134068733392,0.01671746537420704,0.01671746537420704,-0.21943606248725067,0.25269122644884173,0.25269122644884173
1,SPVEGSPMKPEDYPHFMSVAHEQALKSLSEGGIPIGAALVHLPTSRIISRGHNNRVQLSSNVRHGEMDCL,9,M,-0.9017017723035007,1.389380579442756,1.389380579442756,-1.7834884753610936,0.06128300963416411,0.06128300963416411
1,SPVEGSPNKPEDYPHFMSVAHEQALKSLSEGGIPIGAALVHLPTSRIISRGHNNRVQLSSNVRHGEMDCL,9,N,1.9907775375909407,0.5770500153702709,0.5770500153702707,0.46924901148629505,1.0668151103782977,1.0668151103782975
1,SPVEGSPRKPEDYPHFMSVAHEQALKSLSEGGIPIGAALVHLPTSRIISRGHNNRVQLSSNVRHGEMDCL,9,R,2.207491521042507,0.20746384968224607,0.20746384968224607,2.7784207449436,0.16627332521762606,0.1662733252176265
1,SPVEGSPSKPEDYPHFMSVAHEQALKSLSEGGIPIGAALVHLPTSRIISRGHNNRVQLSSNVRHGEMDCL,9,S,0.07738813984918574,0.5304840040121916,0.5304840040121916,-0.9694728640545722,0.11540215962464062,0.11540215962464073
1,SPVEGSPVKPEDYPHFMSVAHEQALKSLSEGGIPIGAALVHLPTSRIISRGHNNRVQLSSNVRHGEMDCL,9,V,-0.9148032194653305,0.17244335353057394,0.17244335353057405,-1.631517202916897,0.04422696708595386,0.04422696708595386
1,SPVEGSPWKPEDYPHFMSVAHEQALKSLSEGGIPIGAALVHLPTSRIISRGHNNRVQLSSNVRHGEMDCL,9,W,1.1603496752915938,0.4110030896891086,0.4110030896891086,0.7934366439310273,0.08352291659183597,0.08352291659183597
1,SPVEGSRAKPEDYPHFMSVAHEQALKSLSEGGIPIGAALVHLPTSRIISRGHNNRVQLSSNVRHGEMDCL,8,R,0.927074062833734,0.8347111285470674,0.8347111285470674,1.4489648208049437,0.8293151103782977,0.8293151103782974
1,SPVEGSVAKPEDYPHFMSVAHEQALKSLSEGGIPIGAALVHLPTSRIISRGHNNRVQLSSNVRHGEMDCL,8,V,0.5733146880140232,0.7292174653742073,0.7292174653742072,0.44896482080494354,0.5956848896217024,0.5956848896217024
1,SPVEGVPAKPEDYPHFMSVAHEQALKSLSEGGIPIGAALVHLPTSRIISRGHNNRVQLSSNVRHGEMDCL,7,V,-0.42762334570125377,0.16181992132205597,0.16181992132205592,-0.7119741789801128,0.36002591044537713,0.36002591044537713
1,SPVEGYPAKPEDYPHFMSVAHEQALKSLSEGGIPIGAALVHLPTSRIISRGHNNRVQLSSNVRHGEMDCL,7,Y,-1.0062896310085296,0.8440110945368191,0.8440110945368193,-1.2768801233978984,0.09654992486304015,0.09654992486303993
1,SPVEISPAKPEDYPHFMSVAHEQALKSLSEGGIPIGAALVHLPTSRIISRGHNNRVQLSSNVRHGEMDCL,6,I,-0.11391987094404754,0.07634463436404007,0.07634463436404006,-0.5584720150435696,0.1136198955656148,0.1136198955656148
1,SPVEMSPAKPEDYPHFMSVAHEQALKSLSEGGIPIGAALVHLPTSRIISRGHNNRVQLSSNVRHGEMDCL,6,M,0.3860801290559527,0.7291825038852515,0.7291825038852514,-1.2881878243622182,0.14315008558166897,0.14315008558166897
1,SPVERSPAKPEDYPHFMSVAHEQALKSLSEGGIPIGAALVHLPTSRIISRGHNNRVQLSSNVRHGEMDCL,6,R,0.17707406283373403,0.1222111285470675,0.12221112854706748,-0.09351642955563438,0.16104207746425153,0.16104207746425153
1,SPVEVSPAKPEDYPHFMSVAHEQALKSLSEGGIPIGAALVHLPTSRIISRGHNNRVQLSSNVRHGEMDCL,6,V,0.2463721800413473,0.10060488428578865,0.10060488428578868,-1.3177256622917835,0.10095915143640721,0.10095915143640721
1,SPVQGSPAKPEDYPHFMSVAHEQALKSLSEGGIPIGAALVHLPTSRIISRGHNNRVQLSSNVRHGEMDCL,5,Q,0.26771658267991116,0.5445356654416135,0.5445356654416135,0.39336671547083163,0.1735030896891087,0.1735030896891087
1,SPWEGSPAKPEDYPHFMSVAHEQALKSLSEGGIPIGAALVHLPTSRIISRGHNNRVQLSSNVRHGEMDCL,4,W,-0.1491145348897463,0.7764619488219358,0.7764619488219358,-1.5806690747227963,0.4210072734242183,0.42100727342421806
1,SRVEGSPAKPEDYPHFMSVAHEQALKSLSEGGIPIGAALVHLPTSRIISRGHNNRVQLSSNVRHGEMDCL,3,R,-0.11719129387743343,0.18294013912626234,0.18294013912626234,-0.6659784605289947,0.6769065045884985,0.6769065045884985
1,VPVEGSPAKPEDYPHFMSVAHEQALKSLSEGGIPIGAALVHLPTSRIISRGHNNRVQLSSNVRHGEMDCL,2,V,-0.597141321979413,0.6940078627105206,0.6940078627105205,-0.632455236632174,0.1700594418865189,0.1700594418865189
